Time;Channel A;Channel B
(ms);(V);(V)
;;
-45.02770677;-0.05432295;-0.00854518
-45.00722677;0.03387555;-0.00854518
-44.98674677;0.03387555;-0.00854518
-44.96626677;-0.05432295;-0.00854518
-44.94578677;-0.05432295;-0.00854518
-44.92530677;0.03387555;0.08026368
-44.90482677;0.03387555;-0.00854518
-44.88434677;0.122074;-0.00854518
-44.86386677;0.03387555;-0.00854518
-44.84338677;-0.05432295;-0.00854518
-44.82290677;-0.05432295;-0.00854518
-44.80242677;0.03387555;-0.00854518
-44.78194677;0.03387555;-0.00854518
-44.76146677;0.03387555;-0.00854518
-44.74098677;-0.05432295;-0.00854518
-44.72050677;-0.05432295;-0.00854518
-44.70002677;0.03387555;-0.00854518
-44.67954677;-0.05432295;-0.00854518
-44.65906677;0.03387555;-0.00854518
-44.63858677;0.03387555;-0.00854518
-44.61810677;0.03387555;-0.00854518
-44.59762677;0.03387555;-0.00854518
-44.57714677;0.03387555;-0.00854518
-44.55666677;-0.05432295;-0.00854518
-44.53618678;0.03387555;-0.00854518
-44.51570678;-0.05432295;0.08026368
-44.49522678;0.03387555;-0.00854518
-44.47474678;0.03387555;-0.00854518
-44.45426678;0.03387555;-0.00854518
-44.43378678;0.03387555;-0.00854518
-44.41330678;0.03387555;-0.00854518
-44.39282678;0.03387555;-0.00854518
-44.37234678;-0.05432295;-0.00854518
-44.35186678;-0.05432295;-0.00854518
-44.33138678;-0.05432295;-0.00854518
-44.31090678;0.03387555;-0.00854518
-44.29042678;-0.05432295;-0.00854518
-44.26994678;-0.05432295;-0.00854518
-44.24946678;-0.05432295;-0.00854518
-44.22898678;0.03387555;-0.00854518
-44.20850678;0.03387555;0.08026368
-44.18802678;-0.05432295;-0.00854518
-44.16754678;0.03387555;-0.00854518
-44.14706678;0.03387555;-0.00854518
-44.12658678;0.03387555;-0.00854518
-44.10610678;0.03387555;-0.00854518
-44.08562678;0.03387555;-0.00854518
-44.06514678;0.03387555;-0.00854518
-44.04466678;-0.05432295;-0.00854518
-44.02418678;0.03387555;-0.00854518
-44.00370678;0.03387555;-0.00854518
-43.98322678;0.03387555;-0.00854518
-43.96274678;-0.05432295;-0.00854518
-43.94226678;0.03387555;-0.00854518
-43.92178678;0.03387555;-0.00854518
-43.90130678;0.03387555;-0.00854518
-43.88082678;0.03387555;-0.00854518
-43.86034678;-0.05432295;-0.00854518
-43.83986678;0.03387555;-0.00854518
-43.81938678;0.03387555;-0.00854518
-43.79890678;0.03387555;-0.00854518
-43.77842678;0.03387555;-0.00854518
-43.75794678;-0.05432295;-0.00854518
-43.73746678;-0.05432295;-0.00854518
-43.71698678;0.03387555;-0.00854518
-43.69650678;0.03387555;-0.00854518
-43.67602678;-0.05432295;-0.00854518
-43.65554678;0.03387555;-0.00854518
-43.63506678;-0.05432295;-0.00854518
-43.61458678;-0.05432295;-0.00854518
-43.59410678;0.03387555;-0.00854518
-43.57362678;0.03387555;-0.00854518
-43.55314678;0.03387555;-0.00854518
-43.53266678;0.03387555;-0.00854518
-43.51218678;0.03387555;-0.00854518
-43.49170678;0.03387555;-0.00854518
-43.47122678;0.03387555;-0.00854518
-43.45074678;0.03387555;-0.00854518
-43.43026678;0.03387555;-0.00854518
-43.40978678;0.03387555;-0.00854518
-43.38930678;0.03387555;-0.00854518
-43.36882678;0.03387555;-0.00854518
-43.34834678;-0.05432295;-0.00854518
-43.32786678;0.03387555;0.08026368
-43.30738678;0.03387555;-0.00854518
-43.28690678;-0.05432295;-0.00854518
-43.26642678;0.03387555;-0.00854518
-43.24594678;-0.05432295;-0.00854518
-43.22546678;0.03387555;-0.00854518
-43.20498678;-0.05432295;-0.00854518
-43.18450678;0.03387555;-0.00854518
-43.16402678;0.03387555;0.08026368
-43.14354678;-0.05432295;-0.00854518
-43.12306678;0.03387555;-0.00854518
-43.10258678;0.03387555;-0.00854518
-43.08210678;0.03387555;0.08026368
-43.06162678;0.03387555;-0.00854518
-43.04114678;0.03387555;-0.00854518
-43.02066678;0.03387555;-0.00854518
-43.00018678;0.03387555;-0.00854518
-42.97970678;0.03387555;-0.00854518
-42.95922678;-0.05432295;-0.00854518
-42.93874678;0.03387555;-0.00854518
-42.91826678;0.03387555;0.08026368
-42.89778679;0.03387555;-0.00854518
-42.87730679;0.03387555;-0.00854518
-42.85682679;0.03387555;-0.00854518
-42.83634679;0.03387555;-0.00854518
-42.81586679;0.03387555;-0.00854518
-42.79538679;0.03387555;-0.00854518
-42.77490679;0.03387555;-0.00854518
-42.75442679;0.03387555;-0.00854518
-42.73394679;-0.05432295;-0.00854518
-42.71346679;0.03387555;-0.00854518
-42.69298679;0.03387555;-0.00854518
-42.67250679;0.03387555;-0.00854518
-42.65202679;0.03387555;-0.00854518
-42.63154679;0.03387555;-0.00854518
-42.61106679;0.03387555;-0.00854518
-42.59058679;0.03387555;0.08026368
-42.57010679;-0.05432295;-0.00854518
-42.54962679;0.03387555;0.08026368
-42.52914679;0.03387555;-0.00854518
-42.50866679;0.03387555;-0.00854518
-42.48818679;0.03387555;-0.00854518
-42.46770679;0.03387555;-0.00854518
-42.44722679;0.03387555;-0.00854518
-42.42674679;0.03387555;-0.00854518
-42.40626679;0.03387555;0.08026368
-42.38578679;0.03387555;-0.00854518
-42.36530679;0.03387555;0.08026368
-42.34482679;-0.05432295;-0.00854518
-42.32434679;0.03387555;-0.00854518
-42.30386679;0.03387555;-0.00854518
-42.28338679;0.03387555;-0.00854518
-42.26290679;0.03387555;0.08026368
-42.24242679;-0.05432295;-0.00854518
-42.22194679;0.03387555;-0.00854518
-42.20146679;-0.05432295;-0.00854518
-42.18098679;0.03387555;-0.00854518
-42.16050679;0.03387555;-0.00854518
-42.14002679;0.03387555;-0.00854518
-42.11954679;0.03387555;-0.00854518
-42.09906679;0.03387555;-0.00854518
-42.07858679;-0.05432295;0.08026368
-42.05810679;0.03387555;-0.00854518
-42.03762679;0.03387555;-0.00854518
-42.01714679;0.03387555;-0.00854518
-41.99666679;-0.05432295;-0.00854518
-41.97618679;0.03387555;-0.00854518
-41.95570679;0.03387555;-0.00854518
-41.93522679;0.03387555;-0.00854518
-41.91474679;0.03387555;-0.00854518
-41.89426679;0.03387555;-0.00854518
-41.87378679;0.03387555;-0.00854518
-41.85330679;0.03387555;-0.00854518
-41.83282679;0.03387555;-0.00854518
-41.81234679;0.03387555;-0.00854518
-41.79186679;0.03387555;-0.00854518
-41.77138679;-0.05432295;-0.00854518
-41.75090679;0.03387555;-0.00854518
-41.73042679;0.03387555;-0.00854518
-41.70994679;0.03387555;-0.00854518
-41.68946679;0.03387555;-0.00854518
-41.66898679;0.03387555;-0.00854518
-41.64850679;-0.05432295;-0.00854518
-41.62802679;0.03387555;-0.00854518
-41.60754679;0.03387555;-0.00854518
-41.58706679;0.03387555;-0.00854518
-41.56658679;0.03387555;-0.00854518
-41.54610679;0.03387555;-0.00854518
-41.52562679;0.03387555;-0.00854518
-41.50514679;0.03387555;-0.00854518
-41.48466679;0.03387555;-0.00854518
-41.46418679;0.03387555;-0.00854518
-41.44370679;0.03387555;-0.00854518
-41.42322679;0.03387555;-0.00854518
-41.40274679;0.03387555;-0.00854518
-41.38226679;0.03387555;-0.00854518
-41.36178679;0.03387555;-0.00854518
-41.34130679;0.03387555;-0.00854518
-41.32082679;0.03387555;-0.00854518
-41.30034679;0.03387555;-0.00854518
-41.27986679;0.03387555;-0.00854518
-41.25938679;-0.05432295;-0.00854518
-41.2389068;0.03387555;-0.00854518
-41.2184268;0.03387555;-0.00854518
-41.1979468;0.03387555;-0.00854518
-41.1774668;0.03387555;-0.00854518
-41.1569868;-0.05432295;-0.00854518
-41.1365068;0.03387555;-0.00854518
-41.1160268;0.03387555;-0.00854518
-41.0955468;0.03387555;0.08026368
-41.0750668;-0.05432295;-0.00854518
-41.0545868;0.03387555;-0.00854518
-41.0341068;0.03387555;0.08026368
-41.0136268;-0.05432295;-0.00854518
-40.9931468;0.03387555;-0.00854518
-40.9726668;0.03387555;-0.00854518
-40.9521868;0.03387555;-0.00854518
-40.9317068;-0.05432295;-0.00854518
-40.9112268;0.03387555;-0.00854518
-40.8907468;0.03387555;-0.00854518
-40.8702668;-0.05432295;-0.00854518
-40.8497868;0.03387555;-0.00854518
-40.8293068;0.03387555;-0.00854518
-40.8088268;0.03387555;-0.00854518
-40.7883468;-0.05432295;-0.00854518
-40.7678668;0.03387555;-0.00854518
-40.7473868;0.03387555;-0.00854518
-40.7269068;0.03387555;0.08026368
-40.7064268;-0.05432295;-0.00854518
-40.6859468;0.03387555;0.08026368
-40.6654668;0.03387555;-0.00854518
-40.6449868;0.03387555;-0.00854518
-40.6245068;-0.05432295;-0.00854518
-40.6040268;0.03387555;-0.00854518
-40.5835468;-0.05432295;-0.00854518
-40.5630668;-0.05432295;-0.00854518
-40.5425868;0.03387555;-0.00854518
-40.5221068;0.03387555;-0.00854518
-40.5016268;0.03387555;0.08026368
-40.4811468;0.03387555;-0.00854518
-40.4606668;0.03387555;-0.00854518
-40.4401868;-0.05432295;-0.00854518
-40.4197068;0.03387555;-0.00854518
-40.3992268;0.03387555;-0.00854518
-40.3787468;0.03387555;-0.00854518
-40.3582668;0.03387555;-0.00854518
-40.3377868;0.03387555;-0.00854518
-40.3173068;0.03387555;-0.00854518
-40.2968268;0.03387555;-0.00854518
-40.2763468;0.03387555;-0.00854518
-40.2558668;0.03387555;-0.00854518
-40.2353868;0.03387555;-0.00854518
-40.2149068;0.03387555;-0.00854518
-40.1944268;0.03387555;-0.00854518
-40.1739468;0.03387555;0.08026368
-40.1534668;0.03387555;-0.00854518
-40.1329868;-0.05432295;-0.00854518
-40.1125068;0.03387555;-0.00854518
-40.0920268;0.03387555;-0.00854518
-40.0715468;-0.05432295;0.08026368
-40.0510668;0.03387555;-0.00854518
-40.0305868;0.03387555;-0.00854518
-40.0101068;2.06122;-0.00854518
-39.9896268;2.06122;-0.00854518
-39.9691468;2.06122;-0.00854518
-39.9486668;2.06122;-0.00854518
-39.9281868;2.06122;-0.00854518
-39.9077068;2.06122;-0.00854518
-39.8872268;2.06122;-0.00854518
-39.8667468;2.06122;-0.00854518
-39.8462668;2.06122;-0.00854518
-39.8257868;2.06122;-0.00854518
-39.8053068;2.06122;-0.00854518
-39.7848268;1.973022;0.08026368
-39.7643468;2.06122;-0.00854518
-39.7438668;2.06122;-0.00854518
-39.7233868;2.06122;-0.00854518
-39.7029068;2.06122;-0.00854518
-39.6824268;2.06122;-0.00854518
-39.6619468;2.06122;-0.00854518
-39.6414668;2.06122;-0.00854518
-39.6209868;2.06122;-0.00854518
-39.60050681;2.06122;0.08026368
-39.58002681;2.06122;-0.00854518
-39.55954681;2.06122;-0.00854518
-39.53906681;2.06122;-0.00854518
-39.51858681;2.06122;0.08026368
-39.49810681;2.06122;-0.00854518
-39.47762681;2.06122;0.08026368
-39.45714681;2.06122;0.08026368
-39.43666681;2.06122;0.08026368
-39.41618681;2.06122;-0.00854518
-39.39570681;2.06122;0.08026368
-39.37522681;2.06122;0.08026368
-39.35474681;2.06122;0.08026368
-39.33426681;2.06122;-0.00854518
-39.31378681;2.06122;0.08026368
-39.29330681;2.06122;0.08026368
-39.27282681;2.06122;0.08026368
-39.25234681;2.06122;-0.00854518
-39.23186681;2.06122;0.08026368
-39.21138681;2.06122;0.08026368
-39.19090681;2.06122;0.08026368
-39.17042681;2.06122;0.08026368
-39.14994681;2.06122;0.08026368
-39.12946681;2.06122;0.08026368
-39.10898681;2.06122;0.08026368
-39.08850681;2.06122;0.08026368
-39.06802681;2.06122;0.08026368
-39.04754681;2.06122;0.08026368
-39.02706681;2.06122;0.08026368
-39.00658681;2.06122;0.08026368
-38.98610681;2.06122;0.08026368
-38.96562681;2.06122;0.08026368
-38.94514681;2.06122;0.08026368
-38.92466681;2.06122;0.08026368
-38.90418681;2.06122;0.08026368
-38.88370681;2.06122;0.08026368
-38.86322681;2.06122;0.08026368
-38.84274681;2.06122;0.08026368
-38.82226681;2.06122;0.08026368
-38.80178681;2.06122;0.08026368
-38.78130681;2.06122;0.08026368
-38.76082681;2.06122;0.08026368
-38.74034681;2.06122;0.08026368
-38.71986681;2.06122;0.08026368
-38.69938681;2.06122;0.08026368
-38.67890681;2.06122;0.08026368
-38.65842681;2.06122;0.08026368
-38.63794681;2.06122;0.08026368
-38.61746681;2.06122;0.08026368
-38.59698681;2.06122;0.08026368
-38.57650681;2.06122;0.08026368
-38.55602681;2.06122;0.08026368
-38.53554681;2.06122;0.08026368
-38.51506681;2.06122;0.08026368
-38.49458681;2.06122;0.08026368
-38.47410681;2.06122;0.08026368
-38.45362681;2.06122;0.08026368
-38.43314681;2.06122;0.08026368
-38.41266681;2.06122;0.08026368
-38.39218681;2.06122;0.08026368
-38.37170681;2.06122;0.08026368
-38.35122681;2.06122;0.08026368
-38.33074681;2.149419;0.08026368
-38.31026681;2.149419;0.08026368
-38.28978681;2.06122;0.08026368
-38.26930681;2.06122;0.1687674
-38.24882681;2.06122;0.08026368
-38.22834681;2.06122;0.08026368
-38.20786681;2.06122;0.08026368
-38.18738681;2.06122;0.08026368
-38.16690681;2.149419;0.08026368
-38.14642681;2.06122;0.1687674
-38.12594681;2.06122;0.1687674
-38.10546681;2.149419;0.1687674
-38.08498681;2.149419;0.08026368
-38.06450681;2.149419;0.08026368
-38.04402681;2.149419;0.1687674
-38.02354681;2.149419;0.1687674
-38.00306681;2.06122;0.1687674
-37.98258681;2.149419;0.1687674
-37.96210682;2.06122;0.1687674
-37.94162682;2.149419;0.1687674
-37.92114682;2.149419;0.08026368
-37.90066682;2.149419;0.1687674
-37.88018682;2.149419;0.1687674
-37.85970682;2.149419;0.1687674
-37.83922682;2.149419;0.1687674
-37.81874682;2.06122;0.1687674
-37.79826682;2.149419;0.1687674
-37.77778682;2.149419;0.08026368
-37.75730682;2.06122;0.1687674
-37.73682682;2.149419;0.1687674
-37.71634682;2.149419;0.1687674
-37.69586682;2.149419;0.1687674
-37.67538682;2.06122;0.1687674
-37.65490682;2.237617;0.1687674
-37.63442682;2.149419;0.1687674
-37.61394682;2.149419;0.1687674
-37.59346682;2.149419;0.1687674
-37.57298682;2.149419;0.1687674
-37.55250682;2.149419;0.1687674
-37.53202682;2.149419;0.1687674
-37.51154682;2.149419;0.1687674
-37.49106682;2.149419;0.1687674
-37.47058682;2.149419;0.1687674
-37.45010682;2.237617;0.1687674
-37.42962682;2.149419;0.1687674
-37.40914682;2.237617;0.1687674
-37.38866682;2.237617;0.1687674
-37.36818682;2.237617;0.1687674
-37.34770682;2.237617;0.1687674
-37.32722682;2.149419;0.1687674
-37.30674682;2.237617;0.1687674
-37.28626682;2.149419;0.1687674
-37.26578682;2.237617;0.1687674
-37.24530682;2.237617;0.1687674
-37.22482682;2.149419;0.1687674
-37.20434682;2.149419;0.1687674
-37.18386682;2.237617;0.1687674
-37.16338682;2.237617;0.1687674
-37.14290682;2.149419;0.1687674
-37.12242682;2.237617;0.1687674
-37.10194682;2.149419;0.1687674
-37.08146682;2.237617;0.1687674
-37.06098682;2.237617;0.1687674
-37.04050682;2.237617;0.1687674
-37.02002682;2.237617;0.1687674
-36.99954682;2.237617;0.1687674
-36.97906682;2.237617;0.1687674
-36.95858682;2.237617;0.1687674
-36.93810682;2.237617;0.1687674
-36.91762682;2.237617;0.1687674
-36.89714682;2.149419;0.1687674
-36.87666682;2.237617;0.1687674
-36.85618682;2.237617;0.1687674
-36.83570682;2.237617;0.1687674
-36.81522682;2.237617;0.1687674
-36.79474682;2.237617;0.1687674
-36.77426682;2.237617;0.08026368
-36.75378682;2.237617;0.1687674
-36.73330682;2.237617;0.1687674
-36.71282682;2.237617;0.1687674
-36.69234682;2.237617;0.1687674
-36.67186682;2.237617;0.1687674
-36.65138682;2.237617;0.1687674
-36.63090682;2.237617;0.1687674
-36.61042682;2.237617;0.1687674
-36.58994682;2.237617;0.1687674
-36.56946682;2.237617;0.1687674
-36.54898682;2.237617;0.1687674
-36.52850682;2.237617;0.1687674
-36.50802682;2.237617;0.1687674
-36.48754682;2.237617;0.1687674
-36.46706682;2.237617;0.1687674
-36.44658682;2.237617;0.1687674
-36.42610682;2.237617;0.1687674
-36.40562682;2.237617;0.1687674
-36.38514682;2.237617;0.1687674
-36.36466682;2.237617;0.1687674
-36.34418682;2.237617;0.1687674
-36.32370682;2.237617;0.1687674
-36.30322683;2.237617;0.1687674
-36.28274683;2.237617;0.1687674
-36.26226683;2.237617;0.1687674
-36.24178683;2.237617;0.1687674
-36.22130683;2.237617;0.1687674
-36.20082683;2.237617;0.1687674
-36.18034683;2.237617;0.1687674
-36.15986683;2.237617;0.1687674
-36.13938683;2.237617;0.1687674
-36.11890683;2.237617;0.1687674
-36.09842683;2.237617;0.1687674
-36.07794683;2.237617;0.1687674
-36.05746683;2.237617;0.08026368
-36.03698683;2.237617;0.1687674
-36.01650683;2.237617;0.1687674
-35.99602683;2.237617;0.1687674
-35.97554683;2.237617;0.1687674
-35.95506683;2.237617;0.1687674
-35.93458683;2.237617;0.08026368
-35.91410683;2.237617;0.1687674
-35.89362683;2.237617;0.1687674
-35.87314683;2.237617;0.1687674
-35.85266683;2.237617;0.1687674
-35.83218683;2.325816;0.08026368
-35.81170683;2.325816;0.1687674
-35.79122683;2.237617;0.1687674
-35.77074683;2.325816;0.1687674
-35.75026683;2.237617;0.1687674
-35.72978683;2.237617;0.08026368
-35.70930683;2.325816;0.1687674
-35.68882683;2.325816;0.08026368
-35.66834683;2.325816;0.08026368
-35.64786683;2.325816;0.08026368
-35.62738683;2.237617;0.08026368
-35.60690683;2.325816;0.1687674
-35.58642683;2.237617;0.1687674
-35.56594683;2.325816;0.08026368
-35.54546683;2.237617;0.1687674
-35.52498683;2.237617;0.08026368
-35.50450683;2.325816;0.1687674
-35.48402683;2.325816;0.1687674
-35.46354683;2.325816;0.1687674
-35.44306683;2.325816;0.1687674
-35.42258683;2.325816;0.08026368
-35.40210683;2.325816;0.1687674
-35.38162683;2.325816;0.1687674
-35.36114683;2.325816;0.1687674
-35.34066683;2.325816;0.1687674
-35.32018683;2.237617;0.1687674
-35.29970683;2.325816;0.1687674
-35.27922683;2.325816;0.1687674
-35.25874683;2.325816;0.1687674
-35.23826683;2.325816;0.08026368
-35.21778683;2.325816;0.1687674
-35.19730683;2.325816;0.08026368
-35.17682683;2.325816;0.1687674
-35.15634683;2.325816;0.08026368
-35.13586683;2.325816;0.1687674
-35.11538683;2.325816;0.08026368
-35.09490683;2.325816;0.1687674
-35.07442683;2.325816;0.08026368
-35.05394683;2.325816;0.1687674
-35.03346683;2.325816;0.08026368
-35.01298683;2.325816;0.1687674
-34.99250683;2.325816;0.08026368
-34.97202683;2.325816;0.1687674
-34.95154683;2.325816;0.1687674
-34.93106683;2.325816;0.1687674
-34.91058683;2.325816;0.08026368
-34.89010683;2.325816;0.1687674
-34.86962683;2.325816;0.1687674
-34.84914683;2.325816;0.08026368
-34.82866683;2.325816;0.08026368
-34.80818683;2.325816;0.1687674
-34.78770683;2.325816;0.1687674
-34.76722683;2.325816;0.1687674
-34.74674683;2.325816;0.08026368
-34.72626683;2.325816;0.1687674
-34.70578683;2.325816;0.1687674
-34.68530683;2.414014;0.08026368
-34.66482684;2.325816;0.1687674
-34.64434684;2.325816;0.08026368
-34.62386684;2.325816;0.08026368
-34.60338684;2.325816;0.08026368
-34.58290684;2.325816;0.08026368
-34.56242684;2.325816;0.1687674
-34.54194684;2.325816;0.08026368
-34.52146684;2.325816;0.08026368
-34.50098684;2.325816;0.08026368
-34.48050684;2.325816;0.08026368
-34.46002684;2.325816;0.08026368
-34.43954684;2.325816;0.08026368
-34.41906684;2.325816;0.08026368
-34.39858684;2.325816;0.08026368
-34.37810684;2.414014;0.1687674
-34.35762684;2.325816;0.08026368
-34.33714684;2.325816;0.08026368
-34.31666684;2.414014;0.08026368
-34.29618684;2.325816;0.1687674
-34.27570684;2.325816;0.08026368
-34.25522684;2.414014;0.08026368
-34.23474684;2.325816;0.1687674
-34.21426684;2.414014;0.1687674
-34.19378684;2.325816;0.1687674
-34.17330684;2.325816;0.1687674
-34.15282684;2.414014;0.08026368
-34.13234684;2.414014;0.1687674
-34.11186684;2.325816;0.1687674
-34.09138684;2.325816;0.08026368
-34.07090684;2.414014;0.1687674
-34.05042684;2.414014;0.08026368
-34.02994684;2.325816;0.08026368
-34.00946684;2.414014;0.08026368
-33.98898684;2.325816;0.08026368
-33.96850684;2.325816;0.08026368
-33.94802684;2.414014;0.1687674
-33.92754684;2.414014;0.08026368
-33.90706684;2.325816;0.08026368
-33.88658684;2.414014;0.1687674
-33.86610684;2.325816;0.1687674
-33.84562684;2.414014;0.08026368
-33.82514684;2.414014;0.08026368
-33.80466684;2.414014;0.08026368
-33.78418684;2.414014;0.1687674
-33.76370684;2.414014;0.1687674
-33.74322684;2.414014;0.08026368
-33.72274684;2.414014;0.1687674
-33.70226684;2.414014;0.08026368
-33.68178684;2.414014;0.08026368
-33.66130684;2.325816;0.08026368
-33.64082684;2.414014;0.1687674
-33.62034684;2.414014;0.1687674
-33.59986684;2.414014;0.08026368
-33.57938684;2.414014;0.1687674
-33.55890684;2.414014;0.1687674
-33.53842684;2.414014;0.1687674
-33.51794684;2.414014;0.08026368
-33.49746684;2.414014;0.1687674
-33.47698684;2.414014;0.1687674
-33.45650684;2.414014;0.1687674
-33.43602684;2.414014;0.1687674
-33.41554684;2.414014;0.1687674
-33.39506684;2.414014;0.08026368
-33.37458684;2.414014;0.1687674
-33.35410684;2.414014;0.1687674
-33.33362684;2.414014;0.08026368
-33.31314684;2.414014;0.08026368
-33.29266684;2.414014;0.1687674
-33.27218684;2.414014;0.08026368
-33.25170684;2.414014;0.1687674
-33.23122684;2.414014;0.08026368
-33.21074684;2.414014;0.08026368
-33.19026684;2.414014;0.08026368
-33.16978684;2.414014;0.1687674
-33.14930684;2.414014;0.08026368
-33.12882684;2.414014;0.08026368
-33.10834684;2.414014;0.1687674
-33.08786684;2.414014;0.1687674
-33.06738684;2.414014;0.08026368
-33.04690684;2.414014;0.08026368
-33.02642685;2.414014;0.08026368
-33.00594685;2.414014;0.1687674
-32.98546685;2.414014;0.08026368
-32.96498685;2.414014;0.1687674
-32.94450685;2.414014;0.1687674
-32.92402685;2.414014;0.08026368
-32.90354685;2.414014;0.1687674
-32.88306685;2.414014;0.1687674
-32.86258685;2.414014;0.1687674
-32.84210685;2.414014;0.1687674
-32.82162685;2.414014;0.1687674
-32.80114685;2.414014;0.1687674
-32.78066685;2.414014;0.1687674
-32.76018685;2.414014;0.1687674
-32.73970685;2.414014;0.1687674
-32.71922685;2.414014;0.1687674
-32.69874685;2.501907;0.1687674
-32.67826685;2.501907;0.1687674
-32.65778685;2.414014;0.1687674
-32.63730685;2.501907;0.1687674
-32.61682685;2.501907;0.08026368
-32.59634685;2.414014;0.1687674
-32.57586685;2.501907;0.1687674
-32.55538685;2.501907;0.1687674
-32.53490685;2.501907;0.1687674
-32.51442685;2.414014;0.1687674
-32.49394685;2.414014;0.1687674
-32.47346685;2.414014;0.1687674
-32.45298685;2.501907;0.1687674
-32.43250685;2.414014;0.1687674
-32.41202685;2.501907;0.1687674
-32.39154685;2.501907;0.08026368
-32.37106685;2.414014;0.1687674
-32.35058685;2.501907;0.1687674
-32.33010685;2.501907;0.1687674
-32.30962685;2.501907;0.08026368
-32.28914685;2.501907;0.1687674
-32.26866685;2.414014;0.1687674
-32.24818685;2.414014;0.1687674
-32.22770685;2.501907;0.1687674
-32.20722685;2.414014;0.1687674
-32.18674685;2.414014;0.1687674
-32.16626685;2.501907;0.1687674
-32.14578685;2.501907;0.1687674
-32.12530685;2.501907;0.1687674
-32.10482685;2.414014;0.1687674
-32.08434685;2.501907;0.1687674
-32.06386685;2.501907;0.1687674
-32.04338685;2.501907;0.1687674
-32.02290685;2.501907;0.1687674
-32.00242685;2.501907;0.1687674
-31.98194685;2.590106;0.1687674
-31.96146685;2.501907;0.1687674
-31.94098685;2.501907;0.1687674
-31.92050685;2.501907;0.1687674
-31.90002685;2.501907;0.1687674
-31.87954685;2.501907;0.1687674
-31.85906685;2.501907;0.1687674
-31.83858685;2.501907;0.1687674
-31.81810685;2.501907;0.1687674
-31.79762685;2.501907;0.1687674
-31.77714685;2.501907;0.1687674
-31.75666685;2.501907;0.1687674
-31.73618685;2.501907;0.1687674
-31.71570685;2.501907;0.1687674
-31.69522685;2.501907;0.1687674
-31.67474685;2.501907;0.1687674
-31.65426685;2.501907;0.1687674
-31.63378685;2.501907;0.1687674
-31.61330685;2.501907;0.1687674
-31.59282685;2.590106;0.1687674
-31.57234685;2.501907;0.1687674
-31.55186685;2.501907;0.1687674
-31.53138685;2.501907;0.1687674
-31.51090685;2.501907;0.1687674
-31.49042685;2.590106;0.1687674
-31.46994685;2.590106;0.1687674
-31.44946685;2.590106;0.1687674
-31.42898685;2.501907;0.1687674
-31.40850685;2.501907;0.1687674
-31.38802685;2.590106;0.1687674
-31.36754686;2.590106;0.1687674
-31.34706686;2.590106;0.1687674
-31.32658686;2.501907;0.1687674
-31.30610686;2.590106;0.1687674
-31.28562686;2.501907;0.1687674
-31.26514686;2.590106;0.1687674
-31.24466686;2.590106;0.1687674
-31.22418686;2.590106;0.1687674
-31.20370686;2.590106;0.1687674
-31.18322686;2.590106;0.1687674
-31.16274686;2.590106;0.1687674
-31.14226686;2.590106;0.1687674
-31.12178686;2.590106;0.1687674
-31.10130686;2.590106;0.1687674
-31.08082686;2.590106;0.1687674
-31.06034686;2.590106;0.1687674
-31.03986686;2.590106;0.1687674
-31.01938686;2.590106;0.1687674
-30.99890686;2.590106;0.1687674
-30.97842686;2.501907;0.1687674
-30.95794686;2.590106;0.257271
-30.93746686;2.590106;0.257271
-30.91698686;2.590106;0.257271
-30.89650686;2.590106;0.1687674
-30.87602686;2.590106;0.1687674
-30.85554686;2.590106;0.257271
-30.83506686;2.590106;0.257271
-30.81458686;2.590106;0.1687674
-30.79410686;2.590106;0.257271
-30.77362686;2.590106;0.257271
-30.75314686;2.590106;0.257271
-30.73266686;2.590106;0.257271
-30.71218686;2.590106;0.257271
-30.69170686;2.590106;0.257271
-30.67122686;2.590106;0.257271
-30.65074686;2.590106;0.257271
-30.63026686;2.590106;0.257271
-30.60978686;2.590106;0.257271
-30.58930686;2.590106;0.257271
-30.56882686;2.590106;0.257271
-30.54834686;2.590106;0.257271
-30.52786686;2.590106;0.257271
-30.50738686;2.590106;0.257271
-30.48690686;2.678304;0.257271
-30.46642686;2.590106;0.257271
-30.44594686;2.590106;0.3460799
-30.42546686;2.590106;0.3460799
-30.40498686;2.590106;0.3460799
-30.38450686;2.590106;0.3460799
-30.36402686;2.590106;0.257271
-30.34354686;2.590106;0.3460799
-30.32306686;2.678304;0.3460799
-30.30258686;2.590106;0.3460799
-30.28210686;2.590106;0.3460799
-30.26162686;2.590106;0.3460799
-30.24114686;2.678304;0.3460799
-30.22066686;2.678304;0.3460799
-30.20018686;2.678304;0.3460799
-30.17970686;2.590106;0.3460799
-30.15922686;2.590106;0.3460799
-30.13874686;2.590106;0.3460799
-30.11826686;2.590106;0.3460799
-30.09778686;2.678304;0.3460799
-30.07730686;2.590106;0.3460799
-30.05682686;2.678304;0.3460799
-30.03634686;2.590106;0.3460799
-30.01586686;2.678304;0.4348888
-29.99538686;2.678304;0.3460799
-29.97490686;2.590106;0.3460799
-29.95442686;2.590106;0.3460799
-29.93394686;2.678304;0.4348888
-29.91346686;2.678304;0.3460799
-29.89298686;2.678304;0.4348888
-29.87250686;2.590106;0.4348888
-29.85202686;2.678304;0.4348888
-29.83154686;2.590106;0.3460799
-29.81106686;2.678304;0.4348888
-29.79058686;2.678304;0.4348888
-29.77010686;2.678304;0.4348888
-29.74962686;2.678304;0.5233924
-29.72914687;2.678304;0.4348888
-29.70866687;2.678304;0.5233924
-29.68818687;2.678304;0.4348888
-29.66770687;2.678304;0.4348888
-29.64722687;2.678304;0.4348888
-29.62674687;2.678304;0.4348888
-29.60626687;2.678304;0.4348888
-29.58578687;2.678304;0.4348888
-29.56530687;2.678304;0.5233924
-29.54482687;2.678304;0.4348888
-29.52434687;2.678304;0.4348888
-29.50386687;2.678304;0.4348888
-29.48338687;2.590106;0.5233924
-29.46290687;2.678304;0.5233924
-29.44242687;2.678304;0.4348888
-29.42194687;2.678304;0.5233924
-29.40146687;2.678304;0.5233924
-29.38098687;2.678304;0.5233924
-29.36050687;2.678304;0.5233924
-29.34002687;2.678304;0.5233924
-29.31954687;2.678304;0.5233924
-29.29906687;2.678304;0.5233924
-29.27858687;2.678304;0.4348888
-29.25810687;2.678304;0.5233924
-29.23762687;2.678304;0.5233924
-29.21714687;2.678304;0.5233924
-29.19666687;2.678304;0.5233924
-29.17618687;2.678304;0.5233924
-29.15570687;2.678304;0.5233924
-29.13522687;2.678304;0.5233924
-29.11474687;2.678304;0.5233924
-29.09426687;2.678304;0.5233924
-29.07378687;2.678304;0.5233924
-29.05330687;2.678304;0.5233924
-29.03282687;2.678304;0.5233924
-29.01234687;2.678304;0.5233924
-28.99186687;2.766503;0.5233924
-28.97138687;2.678304;0.5233924
-28.95090687;2.678304;0.5233924
-28.93042687;2.678304;0.5233924
-28.90994687;2.766503;0.5233924
-28.88946687;2.766503;0.5233924
-28.86898687;2.678304;0.5233924
-28.84850687;2.678304;0.5233924
-28.82802687;2.678304;0.5233924
-28.80754687;2.678304;0.5233924
-28.78706687;2.766503;0.5233924
-28.76658687;2.678304;0.5233924
-28.74610687;2.678304;0.5233924
-28.72562687;2.678304;0.5233924
-28.70514687;2.678304;0.5233924
-28.68466687;2.766503;0.5233924
-28.66418687;2.766503;0.5233924
-28.64370687;2.766503;0.5233924
-28.62322687;2.766503;0.5233924
-28.60274687;2.766503;0.5233924
-28.58226687;2.766503;0.5233924
-28.56178687;2.766503;0.5233924
-28.54130687;2.766503;0.5233924
-28.52082687;2.766503;0.5233924
-28.50034687;2.766503;0.5233924
-28.47986687;2.766503;0.5233924
-28.45938687;2.766503;0.5233924
-28.43890687;2.766503;0.5233924
-28.41842687;2.766503;0.5233924
-28.39794687;2.766503;0.5233924
-28.37746687;2.766503;0.5233924
-28.35698687;2.766503;0.5233924
-28.33650687;2.766503;0.5233924
-28.31602687;2.766503;0.5233924
-28.29554687;2.766503;0.5233924
-28.27506687;2.766503;0.5233924
-28.25458687;2.766503;0.5233924
-28.23410687;2.766503;0.5233924
-28.21362687;2.766503;0.5233924
-28.19314687;2.766503;0.5233924
-28.17266687;2.766503;0.5233924
-28.15218687;2.766503;0.5233924
-28.13170687;2.766503;0.5233924
-28.11122687;2.766503;0.5233924
-28.09074688;2.766503;0.5233924
-28.07026688;2.766503;0.5233924
-28.04978688;2.766503;0.5233924
-28.02930688;2.766503;0.5233924
-28.00882688;2.766503;0.5233924
-27.98834688;2.766503;0.5233924
-27.96786688;2.766503;0.5233924
-27.94738688;2.766503;0.5233924
-27.92690688;2.766503;0.5233924
-27.90642688;2.766503;0.5233924
-27.88594688;2.766503;0.5233924
-27.86546688;2.766503;0.5233924
-27.84498688;2.766503;0.5233924
-27.82450688;2.766503;0.5233924
-27.80402688;2.766503;0.5233924
-27.78354688;2.766503;0.5233924
-27.76306688;2.766503;0.5233924
-27.74258688;2.766503;0.5233924
-27.72210688;2.766503;0.4348888
-27.70162688;2.766503;0.4348888
-27.68114688;2.766503;0.5233924
-27.66066688;2.766503;0.4348888
-27.64018688;2.766503;0.4348888
-27.61970688;2.766503;0.4348888
-27.59922688;2.766503;0.4348888
-27.57874688;2.766503;0.4348888
-27.55826688;2.766503;0.4348888
-27.53778688;2.766503;0.4348888
-27.51730688;2.766503;0.4348888
-27.49682688;2.766503;0.4348888
-27.47634688;2.766503;0.4348888
-27.45586688;2.766503;0.4348888
-27.43538688;2.766503;0.4348888
-27.41490688;2.766503;0.4348888
-27.39442688;2.766503;0.4348888
-27.37394688;2.766503;0.4348888
-27.35346688;2.766503;0.4348888
-27.33298688;2.766503;0.4348888
-27.31250688;2.766503;0.4348888
-27.29202688;2.766503;0.4348888
-27.27154688;2.766503;0.4348888
-27.25106688;2.766503;0.4348888
-27.23058688;2.766503;0.4348888
-27.21010688;2.766503;0.4348888
-27.18962688;2.766503;0.4348888
-27.16914688;2.766503;0.3460799
-27.14866688;2.766503;0.3460799
-27.12818688;2.766503;0.4348888
-27.10770688;2.766503;0.4348888
-27.08722688;2.766503;0.3460799
-27.06674688;2.766503;0.4348888
-27.04626688;2.766503;0.4348888
-27.02578688;2.766503;0.3460799
-27.00530688;2.766503;0.3460799
-26.98482688;2.766503;0.4348888
-26.96434688;2.766503;0.3460799
-26.94386688;2.766503;0.3460799
-26.92338688;2.766503;0.3460799
-26.90290688;2.766503;0.3460799
-26.88242688;2.854701;0.4348888
-26.86194688;2.766503;0.4348888
-26.84146688;2.766503;0.3460799
-26.82098688;2.854701;0.3460799
-26.80050688;2.854701;0.3460799
-26.78002688;2.854701;0.3460799
-26.75954688;2.854701;0.3460799
-26.73906688;2.766503;0.3460799
-26.71858688;2.766503;0.3460799
-26.69810688;2.766503;0.3460799
-26.67762688;2.766503;0.3460799
-26.65714688;2.766503;0.3460799
-26.63666688;2.766503;0.3460799
-26.61618688;2.766503;0.3460799
-26.59570688;2.766503;0.3460799
-26.57522688;2.766503;0.3460799
-26.55474688;2.854701;0.3460799
-26.53426688;2.766503;0.3460799
-26.51378688;2.766503;0.3460799
-26.49330688;2.854701;0.3460799
-26.47282688;2.854701;0.3460799
-26.45234688;2.854701;0.3460799
-26.43186689;2.766503;0.3460799
-26.41138689;2.766503;0.3460799
-26.39090689;2.854701;0.3460799
-26.37042689;2.854701;0.3460799
-26.34994689;2.854701;0.3460799
-26.32946689;2.854701;0.3460799
-26.30898689;2.854701;0.3460799
-26.28850689;2.854701;0.3460799
-26.26802689;2.766503;0.3460799
-26.24754689;2.766503;0.3460799
-26.22706689;2.854701;0.3460799
-26.20658689;2.766503;0.3460799
-26.18610689;2.854701;0.3460799
-26.16562689;2.854701;0.3460799
-26.14514689;2.854701;0.3460799
-26.12466689;2.854701;0.3460799
-26.10418689;2.854701;0.257271
-26.08370689;2.854701;0.257271
-26.06322689;2.854701;0.3460799
-26.04274689;2.854701;0.257271
-26.02226689;2.854701;0.257271
-26.00178689;2.854701;0.3460799
-25.98130689;2.854701;0.3460799
-25.96082689;2.854701;0.3460799
-25.94034689;2.854701;0.3460799
-25.91986689;2.854701;0.257271
-25.89938689;2.854701;0.257271
-25.87890689;2.854701;0.3460799
-25.85842689;2.854701;0.3460799
-25.83794689;2.854701;0.257271
-25.81746689;2.854701;0.257271
-25.79698689;2.854701;0.257271
-25.77650689;2.9429;0.3460799
-25.75602689;2.854701;0.257271
-25.73554689;2.854701;0.257271
-25.71506689;2.854701;0.257271
-25.69458689;2.854701;0.257271
-25.67410689;2.9429;0.257271
-25.65362689;2.854701;0.257271
-25.63314689;2.854701;0.257271
-25.61266689;2.9429;0.257271
-25.59218689;2.9429;0.257271
-25.57170689;2.854701;0.257271
-25.55122689;2.854701;0.257271
-25.53074689;2.9429;0.257271
-25.51026689;2.9429;0.257271
-25.48978689;2.9429;0.257271
-25.46930689;2.9429;0.257271
-25.44882689;2.9429;0.257271
-25.42834689;2.9429;0.257271
-25.40786689;2.9429;0.257271
-25.38738689;2.9429;0.257271
-25.36690689;2.9429;0.257271
-25.34642689;2.854701;0.257271
-25.32594689;2.854701;0.257271
-25.30546689;2.854701;0.3460799
-25.28498689;2.9429;0.257271
-25.26450689;2.9429;0.257271
-25.24402689;2.9429;0.257271
-25.22354689;2.9429;0.257271
-25.20306689;2.9429;0.257271
-25.18258689;2.9429;0.257271
-25.16210689;2.9429;0.257271
-25.14162689;2.9429;0.1687674
-25.12114689;2.9429;0.257271
-25.10066689;2.854701;0.257271
-25.08018689;2.9429;0.257271
-25.05970689;2.9429;0.257271
-25.03922689;2.9429;0.257271
-25.01874689;2.9429;0.257271
-24.99826689;2.854701;0.257271
-24.97778689;2.9429;0.1687674
-24.95730689;2.9429;0.257271
-24.93682689;2.9429;0.257271
-24.91634689;2.9429;0.257271
-24.89586689;2.9429;0.257271
-24.87538689;2.9429;0.1687674
-24.85490689;2.9429;0.257271
-24.83442689;2.9429;0.257271
-24.81394689;2.9429;0.257271
-24.7934669;2.9429;0.257271
-24.7729869;2.9429;0.257271
-24.7525069;2.9429;0.257271
-24.7320269;2.9429;0.257271
-24.7115469;2.9429;0.257271
-24.6910669;2.9429;0.257271
-24.6705869;2.9429;0.257271
-24.6501069;2.9429;0.257271
-24.6296269;2.9429;0.257271
-24.6091469;2.9429;0.257271
-24.5886669;2.9429;0.257271
-24.5681869;2.9429;0.257271
-24.5477069;2.9429;0.257271
-24.5272269;2.9429;0.257271
-24.5067469;2.9429;0.257271
-24.4862669;2.9429;0.257271
-24.4657869;2.9429;0.257271
-24.4453069;2.9429;0.257271
-24.4248269;3.031098;0.257271
-24.4043469;2.9429;0.257271
-24.3838669;2.9429;0.3460799
-24.3633869;3.031098;0.257271
-24.3429069;2.9429;0.257271
-24.3224269;3.031098;0.257271
-24.3019469;2.9429;0.257271
-24.2814669;3.031098;0.257271
-24.2609869;2.9429;0.257271
-24.2405069;3.031098;0.257271
-24.2200269;2.9429;0.3460799
-24.1995469;2.9429;0.257271
-24.1790669;2.9429;0.257271
-24.1585869;2.9429;0.257271
-24.1381069;2.9429;0.257271
-24.1176269;3.031098;0.257271
-24.0971469;3.031098;0.257271
-24.0766669;3.031098;0.257271
-24.0561869;3.031098;0.257271
-24.0357069;3.031098;0.257271
-24.0152269;3.031098;0.257271
-23.9947469;3.031098;0.257271
-23.9742669;2.9429;0.257271
-23.9537869;3.031098;0.257271
-23.9333069;3.031098;0.257271
-23.9128269;2.9429;0.3460799
-23.8923469;2.9429;0.257271
-23.8718669;2.9429;0.257271
-23.8513869;3.031098;0.257271
-23.8309069;3.031098;0.3460799
-23.8104269;3.031098;0.257271
-23.7899469;3.031098;0.257271
-23.7694669;3.031098;0.257271
-23.7489869;2.9429;0.257271
-23.7285069;2.9429;0.257271
-23.7080269;3.031098;0.3460799
-23.6875469;3.031098;0.257271
-23.6670669;3.031098;0.257271
-23.6465869;3.031098;0.3460799
-23.6261069;3.031098;0.3460799
-23.6056269;3.031098;0.3460799
-23.5851469;3.031098;0.3460799
-23.5646669;3.031098;0.3460799
-23.5441869;3.031098;0.257271
-23.5237069;3.031098;0.3460799
-23.5032269;3.031098;0.3460799
-23.4827469;3.031098;0.3460799
-23.4622669;3.031098;0.3460799
-23.4417869;3.031098;0.3460799
-23.4213069;3.031098;0.3460799
-23.4008269;3.031098;0.3460799
-23.3803469;3.031098;0.3460799
-23.3598669;3.031098;0.3460799
-23.3393869;3.031098;0.3460799
-23.3189069;3.031098;0.3460799
-23.2984269;3.031098;0.3460799
-23.2779469;3.031098;0.3460799
-23.2574669;3.031098;0.3460799
-23.2369869;3.031098;0.3460799
-23.2165069;3.031098;0.3460799
-23.1960269;3.031098;0.3460799
-23.1755469;3.031098;0.3460799
-23.15506691;3.031098;0.3460799
-23.13458691;3.031098;0.3460799
-23.11410691;3.031098;0.3460799
-23.09362691;3.031098;0.3460799
-23.07314691;3.031098;0.3460799
-23.05266691;3.031098;0.3460799
-23.03218691;3.031098;0.3460799
-23.01170691;3.031098;0.3460799
-22.99122691;3.031098;0.3460799
-22.97074691;3.031098;0.3460799
-22.95026691;3.031098;0.3460799
-22.92978691;3.031098;0.3460799
-22.90930691;3.119297;0.3460799
-22.88882691;3.031098;0.3460799
-22.86834691;3.031098;0.3460799
-22.84786691;3.031098;0.3460799
-22.82738691;3.031098;0.3460799
-22.80690691;3.119297;0.3460799
-22.78642691;3.031098;0.3460799
-22.76594691;3.031098;0.4348888
-22.74546691;3.031098;0.3460799
-22.72498691;3.031098;0.3460799
-22.70450691;3.119297;0.4348888
-22.68402691;3.119297;0.3460799
-22.66354691;3.031098;0.4348888
-22.64306691;3.031098;0.4348888
-22.62258691;3.119297;0.4348888
-22.60210691;3.031098;0.4348888
-22.58162691;3.119297;0.4348888
-22.56114691;3.031098;0.4348888
-22.54066691;3.119297;0.4348888
-22.52018691;3.119297;0.4348888
-22.49970691;3.119297;0.4348888
-22.47922691;3.119297;0.4348888
-22.45874691;3.119297;0.4348888
-22.43826691;3.119297;0.4348888
-22.41778691;3.119297;0.4348888
-22.39730691;3.119297;0.5233924
-22.37682691;3.031098;0.5233924
-22.35634691;3.119297;0.5233924
-22.33586691;3.031098;0.4348888
-22.31538691;3.119297;0.5233924
-22.29490691;3.119297;0.5233924
-22.27442691;3.119297;0.5233924
-22.25394691;3.119297;0.5233924
-22.23346691;3.119297;0.5233924
-22.21298691;3.119297;0.5233924
-22.19250691;3.119297;0.5233924
-22.17202691;3.119297;0.5233924
-22.15154691;3.119297;0.5233924
-22.13106691;3.119297;0.5233924
-22.11058691;3.119297;0.5233924
-22.09010691;3.119297;0.6122013
-22.06962691;3.119297;0.5233924
-22.04914691;3.119297;0.5233924
-22.02866691;3.119297;0.6122013
-22.00818691;3.119297;0.5233924
-21.98770691;3.119297;0.6122013
-21.96722691;3.119297;0.6122013
-21.94674691;3.119297;0.6122013
-21.92626691;3.119297;0.6122013
-21.90578691;3.119297;0.6122013
-21.88530691;3.119297;0.6122013
-21.86482691;3.119297;0.6122013
-21.84434691;3.119297;0.7010102
-21.82386691;3.119297;0.7010102
-21.80338691;3.119297;0.7010102
-21.78290691;3.119297;0.7010102
-21.76242691;3.119297;0.7010102
-21.74194691;3.119297;0.7010102
-21.72146691;3.119297;0.7010102
-21.70098691;3.119297;0.7010102
-21.68050691;3.119297;0.7010102
-21.66002691;3.119297;0.7010102
-21.63954691;3.119297;0.7010102
-21.61906691;3.119297;0.7895138
-21.59858691;3.119297;0.7010102
-21.57810691;3.119297;0.7895138
-21.55762691;3.119297;0.7895138
-21.53714691;3.119297;0.7895138
-21.51666691;3.119297;0.7895138
-21.49618692;3.119297;0.7895138
-21.47570692;3.119297;0.7895138
-21.45522692;3.119297;0.7895138
-21.43474692;3.119297;0.7895138
-21.41426692;3.119297;0.7895138
-21.39378692;3.119297;0.8783227
-21.37330692;3.119297;0.7895138
-21.35282692;3.119297;0.8783227
-21.33234692;3.119297;0.8783227
-21.31186692;3.119297;0.8783227
-21.29138692;3.119297;0.8783227
-21.27090692;3.119297;0.8783227
-21.25042692;3.119297;0.8783227
-21.22994692;3.119297;0.8783227
-21.20946692;3.119297;0.8783227
-21.18898692;3.119297;0.8783227
-21.16850692;3.119297;0.8783227
-21.14802692;3.119297;0.8783227
-21.12754692;3.119297;0.8783227
-21.10706692;3.119297;0.8783227
-21.08658692;3.119297;0.9671316
-21.06610692;3.119297;0.8783227
-21.04562692;3.119297;0.8783227
-21.02514692;3.119297;0.9671316
-21.00466692;3.119297;0.9671316
-20.98418692;3.119297;0.8783227
-20.96370692;3.119297;0.9671316
-20.94322692;3.119297;0.9671316
-20.92274692;3.119297;0.9671316
-20.90226692;3.119297;1.055635
-20.88178692;3.119297;1.055635
-20.86130692;3.20719;1.055635
-20.84082692;3.119297;1.055635
-20.82034692;3.119297;1.055635
-20.79986692;3.119297;1.055635
-20.77938692;3.119297;1.055635
-20.75890692;3.119297;1.055635
-20.73842692;3.119297;1.055635
-20.71794692;3.119297;1.055635
-20.69746692;3.119297;1.055635
-20.67698692;3.119297;1.055635
-20.65650692;3.119297;1.055635
-20.63602692;3.119297;1.055635
-20.61554692;3.119297;1.055635
-20.59506692;3.119297;1.055635
-20.57458692;3.119297;1.055635
-20.55410692;3.119297;1.055635
-20.53362692;3.119297;1.144444
-20.51314692;3.119297;1.055635
-20.49266692;3.20719;1.055635
-20.47218692;3.119297;1.055635
-20.45170692;3.20719;1.055635
-20.43122692;3.20719;1.144444
-20.41074692;3.119297;1.144444
-20.39026692;3.119297;1.144444
-20.36978692;3.20719;1.144444
-20.34930692;3.20719;1.055635
-20.32882692;3.20719;1.055635
-20.30834692;3.20719;1.144444
-20.28786692;3.119297;1.144444
-20.26738692;3.119297;1.144444
-20.24690692;3.20719;1.144444
-20.22642692;3.20719;1.144444
-20.20594692;3.119297;1.144444
-20.18546692;3.119297;1.144444
-20.16498692;3.20719;1.144444
-20.14450692;3.20719;1.144444
-20.12402692;3.119297;1.144444
-20.10354692;3.119297;1.144444
-20.08306692;3.119297;1.144444
-20.06258692;3.119297;1.144444
-20.04210692;3.20719;1.144444
-20.02162692;3.119297;1.144444
-20.00114692;3.20719;1.144444
-19.98066692;3.20719;1.144444
-19.96018692;3.20719;1.144444
-19.93970692;3.20719;1.144444
-19.91922692;3.20719;1.144444
-19.89874692;3.20719;1.144444
-19.87826692;3.20719;1.144444
-19.85778693;3.20719;1.144444
-19.83730693;3.20719;1.144444
-19.81682693;3.20719;1.144444
-19.79634693;3.20719;1.144444
-19.77586693;3.295389;1.144444
-19.75538693;3.20719;1.144444
-19.73490693;3.20719;1.144444
-19.71442693;3.20719;1.144444
-19.69394693;3.20719;1.144444
-19.67346693;3.20719;1.144444
-19.65298693;3.20719;1.144444
-19.63250693;3.20719;1.055635
-19.61202693;3.20719;1.144444
-19.59154693;3.295389;1.144444
-19.57106693;3.295389;1.055635
-19.55058693;3.20719;1.144444
-19.53010693;3.20719;1.144444
-19.50962693;3.295389;1.144444
-19.48914693;3.295389;1.144444
-19.46866693;3.20719;1.144444
-19.44818693;3.20719;1.144444
-19.42770693;3.20719;1.144444
-19.40722693;3.20719;1.055635
-19.38674693;3.295389;1.144444
-19.36626693;3.20719;1.055635
-19.34578693;3.20719;1.055635
-19.32530693;3.295389;1.055635
-19.30482693;3.20719;1.055635
-19.28434693;3.20719;1.055635
-19.26386693;3.20719;1.055635
-19.24338693;3.295389;1.055635
-19.22290693;3.295389;1.055635
-19.20242693;3.20719;1.055635
-19.18194693;3.20719;1.055635
-19.16146693;3.20719;1.055635
-19.14098693;3.295389;1.055635
-19.12050693;3.295389;1.055635
-19.10002693;3.295389;1.055635
-19.07954693;3.295389;1.055635
-19.05906693;3.295389;1.055635
-19.03858693;3.295389;1.055635
-19.01810693;3.295389;1.055635
-18.99762693;3.295389;1.055635
-18.97714693;3.295389;1.055635
-18.95666693;3.295389;1.055635
-18.93618693;3.295389;1.055635
-18.91570693;3.295389;1.055635
-18.89522693;3.295389;1.055635
-18.87474693;3.295389;1.055635
-18.85426693;3.295389;0.9671316
-18.83378693;3.295389;0.9671316
-18.81330693;3.295389;0.9671316
-18.79282693;3.295389;0.9671316
-18.77234693;3.295389;0.9671316
-18.75186693;3.295389;0.9671316
-18.73138693;3.295389;0.9671316
-18.71090693;3.295389;0.8783227
-18.69042693;3.295389;0.9671316
-18.66994693;3.295389;0.9671316
-18.64946693;3.295389;0.8783227
-18.62898693;3.295389;0.9671316
-18.60850693;3.295389;0.8783227
-18.58802693;3.295389;0.9671316
-18.56754693;3.295389;0.8783227
-18.54706693;3.295389;0.8783227
-18.52658693;3.295389;0.8783227
-18.50610693;3.295389;0.8783227
-18.48562693;3.295389;0.8783227
-18.46514693;3.295389;0.8783227
-18.44466693;3.295389;0.8783227
-18.42418693;3.295389;0.8783227
-18.40370693;3.295389;0.8783227
-18.38322693;3.295389;0.8783227
-18.36274693;3.295389;0.8783227
-18.34226693;3.295389;0.8783227
-18.32178693;3.295389;0.8783227
-18.30130693;3.295389;0.8783227
-18.28082693;3.295389;0.8783227
-18.26034693;3.295389;0.8783227
-18.23986693;3.295389;0.8783227
-18.21938694;3.295389;0.8783227
-18.19890694;3.383587;0.8783227
-18.17842694;3.295389;0.8783227
-18.15794694;3.383587;0.7895138
-18.13746694;3.295389;0.8783227
-18.11698694;3.383587;0.8783227
-18.09650694;3.295389;0.8783227
-18.07602694;3.295389;0.7895138
-18.05554694;3.295389;0.8783227
-18.03506694;3.383587;0.7895138
-18.01458694;3.295389;0.7895138
-17.99410694;3.295389;0.7895138
-17.97362694;3.295389;0.7895138
-17.95314694;3.295389;0.7895138
-17.93266694;3.383587;0.7895138
-17.91218694;3.295389;0.7895138
-17.89170694;3.383587;0.7895138
-17.87122694;3.383587;0.7010102
-17.85074694;3.295389;0.7010102
-17.83026694;3.383587;0.7010102
-17.80978694;3.295389;0.7895138
-17.78930694;3.295389;0.7010102
-17.76882694;3.383587;0.7895138
-17.74834694;3.295389;0.7010102
-17.72786694;3.383587;0.7010102
-17.70738694;3.383587;0.7010102
-17.68690694;3.383587;0.7010102
-17.66642694;3.295389;0.7010102
-17.64594694;3.383587;0.7895138
-17.62546694;3.383587;0.7010102
-17.60498694;3.383587;0.7010102
-17.58450694;3.383587;0.7010102
-17.56402694;3.383587;0.7010102
-17.54354694;3.295389;0.7010102
-17.52306694;3.383587;0.7010102
-17.50258694;3.295389;0.7010102
-17.48210694;3.383587;0.7010102
-17.46162694;3.383587;0.7010102
-17.44114694;3.383587;0.7010102
-17.42066694;3.383587;0.7010102
-17.40018694;3.383587;0.7010102
-17.37970694;3.383587;0.7010102
-17.35922694;3.383587;0.7010102
-17.33874694;3.383587;0.7010102
-17.31826694;3.383587;0.7010102
-17.29778694;3.383587;0.7010102
-17.27730694;3.383587;0.7010102
-17.25682694;3.383587;0.7010102
-17.23634694;3.383587;0.7010102
-17.21586694;3.383587;0.7010102
-17.19538694;3.383587;0.7010102
-17.17490694;3.383587;0.7010102
-17.15442694;3.383587;0.7010102
-17.13394694;3.383587;0.7010102
-17.11346694;3.383587;0.7010102
-17.09298694;3.383587;0.7010102
-17.07250694;3.383587;0.7010102
-17.05202694;3.383587;0.7010102
-17.03154694;3.383587;0.7010102
-17.01106694;3.383587;0.6122013
-16.99058694;3.383587;0.7010102
-16.97010694;3.383587;0.7010102
-16.94962694;3.383587;0.7010102
-16.92914694;3.383587;0.6122013
-16.90866694;3.383587;0.7010102
-16.88818694;3.383587;0.6122013
-16.86770694;3.383587;0.6122013
-16.84722694;3.383587;0.6122013
-16.82674694;3.383587;0.7010102
-16.80626694;3.383587;0.6122013
-16.78578694;3.383587;0.6122013
-16.76530694;3.383587;0.6122013
-16.74482694;3.383587;0.7010102
-16.72434694;3.383587;0.6122013
-16.70386694;3.383587;0.6122013
-16.68338694;3.383587;0.6122013
-16.66290694;3.383587;0.6122013
-16.64242694;3.383587;0.6122013
-16.62194694;3.383587;0.6122013
-16.60146694;3.383587;0.6122013
-16.58098694;3.383587;0.6122013
-16.56050695;3.383587;0.6122013
-16.54002695;3.383587;0.6122013
-16.51954695;3.383587;0.5233924
-16.49906695;3.471786;0.6122013
-16.47858695;3.383587;0.6122013
-16.45810695;3.383587;0.6122013
-16.43762695;3.383587;0.6122013
-16.41714695;3.383587;0.6122013
-16.39666695;3.383587;0.6122013
-16.37618695;3.471786;0.6122013
-16.35570695;3.471786;0.6122013
-16.33522695;3.383587;0.6122013
-16.31474695;3.471786;0.6122013
-16.29426695;3.471786;0.5233924
-16.27378695;3.471786;0.6122013
-16.25330695;3.471786;0.6122013
-16.23282695;3.471786;0.6122013
-16.21234695;3.471786;0.7010102
-16.19186695;3.471786;0.6122013
-16.17138695;3.471786;0.6122013
-16.15090695;3.471786;0.5233924
-16.13042695;3.471786;0.6122013
-16.10994695;3.471786;0.6122013
-16.08946695;3.471786;0.6122013
-16.06898695;3.471786;0.6122013
-16.04850695;3.383587;0.6122013
-16.02802695;3.471786;0.6122013
-16.00754695;3.383587;0.6122013
-15.98706695;3.471786;0.6122013
-15.96658695;3.471786;0.6122013
-15.94610695;3.471786;0.6122013
-15.92562695;3.471786;0.6122013
-15.90514695;3.471786;0.6122013
-15.88466695;3.471786;0.5233924
-15.86418695;3.471786;0.6122013
-15.84370695;3.471786;0.6122013
-15.82322695;3.471786;0.6122013
-15.80274695;3.471786;0.6122013
-15.78226695;3.471786;0.6122013
-15.76178695;3.471786;0.7010102
-15.74130695;3.471786;0.6122013
-15.72082695;3.471786;0.6122013
-15.70034695;3.471786;0.6122013
-15.67986695;3.471786;0.6122013
-15.65938695;3.471786;0.6122013
-15.63890695;3.471786;0.6122013
-15.61842695;3.471786;0.6122013
-15.59794695;3.471786;0.6122013
-15.57746695;3.471786;0.6122013
-15.55698695;3.471786;0.6122013
-15.53650695;3.471786;0.6122013
-15.51602695;3.471786;0.6122013
-15.49554695;3.471786;0.6122013
-15.47506695;3.471786;0.6122013
-15.45458695;3.471786;0.6122013
-15.43410695;3.471786;0.6122013
-15.41362695;3.471786;0.6122013
-15.39314695;3.471786;0.6122013
-15.37266695;3.471786;0.7010102
-15.35218695;3.471786;0.6122013
-15.33170695;3.471786;0.7010102
-15.31122695;3.471786;0.6122013
-15.29074695;3.471786;0.7010102
-15.27026695;3.471786;0.6122013
-15.24978695;3.471786;0.7010102
-15.22930695;3.471786;0.7010102
-15.20882695;3.471786;0.7010102
-15.18834695;3.471786;0.7010102
-15.16786695;3.471786;0.7010102
-15.14738695;3.471786;0.7010102
-15.12690695;3.471786;0.7010102
-15.10642695;3.471786;0.7010102
-15.08594695;3.471786;0.7010102
-15.06546695;3.471786;0.6122013
-15.04498695;3.471786;0.7010102
-15.02450695;3.471786;0.7010102
-15.00402695;3.471786;0.7010102
-14.98354695;3.471786;0.7010102
-14.96306695;3.471786;0.7010102
-14.94258695;3.471786;0.7010102
-14.92210696;3.471786;0.7010102
-14.90162696;3.471786;0.7010102
-14.88114696;3.471786;0.7010102
-14.86066696;3.471786;0.7010102
-14.84018696;3.471786;0.7010102
-14.81970696;3.471786;0.7010102
-14.79922696;3.471786;0.7010102
-14.77874696;3.471786;0.7010102
-14.75826696;3.471786;0.7010102
-14.73778696;3.471786;0.7010102
-14.71730696;3.471786;0.7010102
-14.69682696;3.471786;0.7010102
-14.67634696;3.471786;0.7010102
-14.65586696;3.471786;0.7010102
-14.63538696;3.471786;0.7010102
-14.61490696;3.471786;0.7010102
-14.59442696;3.471786;0.7010102
-14.57394696;3.471786;0.7010102
-14.55346696;3.559984;0.7895138
-14.53298696;3.471786;0.7010102
-14.51250696;3.471786;0.7895138
-14.49202696;3.559984;0.7895138
-14.47154696;3.471786;0.7010102
-14.45106696;3.559984;0.7895138
-14.43058696;3.471786;0.7895138
-14.41010696;3.471786;0.7895138
-14.38962696;3.471786;0.7895138
-14.36914696;3.471786;0.7895138
-14.34866696;3.559984;0.7895138
-14.32818696;3.471786;0.7895138
-14.30770696;3.471786;0.8783227
-14.28722696;3.559984;0.7895138
-14.26674696;3.471786;0.7895138
-14.24626696;3.559984;0.7895138
-14.22578696;3.471786;0.7895138
-14.20530696;3.559984;0.8783227
-14.18482696;3.559984;0.8783227
-14.16434696;3.559984;0.8783227
-14.14386696;3.471786;0.8783227
-14.12338696;3.471786;0.8783227
-14.10290696;3.559984;0.8783227
-14.08242696;3.559984;0.8783227
-14.06194696;3.559984;0.8783227
-14.04146696;3.559984;0.8783227
-14.02098696;3.471786;0.8783227
-14.00050696;3.559984;0.8783227
-13.98002696;3.559984;0.8783227
-13.95954696;3.559984;0.8783227
-13.93906696;3.559984;0.9671316
-13.91858696;3.559984;0.8783227
-13.89810696;3.559984;0.8783227
-13.87762696;3.559984;0.9671316
-13.85714696;3.559984;0.9671316
-13.83666696;3.559984;1.055635
-13.81618696;3.559984;0.9671316
-13.79570696;3.559984;1.055635
-13.77522696;3.559984;1.055635
-13.75474696;3.471786;1.055635
-13.73426696;3.471786;1.055635
-13.71378696;3.559984;1.055635
-13.69330696;3.559984;1.055635
-13.67282696;3.559984;1.055635
-13.65234696;3.559984;1.055635
-13.63186696;3.559984;1.055635
-13.61138696;3.648183;1.144444
-13.59090696;3.559984;1.144444
-13.57042696;3.648183;1.055635
-13.54994696;3.648183;1.144444
-13.52946696;3.559984;1.144444
-13.50898696;3.648183;1.144444
-13.48850696;3.559984;1.144444
-13.46802696;3.648183;1.233253
-13.44754696;3.559984;1.144444
-13.42706696;3.559984;1.144444
-13.40658696;3.559984;1.233253
-13.38610696;3.559984;1.233253
-13.36562696;3.559984;1.233253
-13.34514696;3.559984;1.233253
-13.32466696;3.648183;1.233253
-13.30418696;3.559984;1.233253
-13.28370697;3.559984;1.233253
-13.26322697;3.648183;1.321757
-13.24274697;3.559984;1.321757
-13.22226697;3.559984;1.321757
-13.20178697;3.648183;1.321757
-13.18130697;3.559984;1.321757
-13.16082697;3.648183;1.321757
-13.14034697;3.559984;1.410565
-13.11986697;3.559984;1.410565
-13.09938697;3.648183;1.410565
-13.07890697;3.648183;1.410565
-13.05842697;3.648183;1.410565
-13.03794697;3.648183;1.410565
-13.01746697;3.559984;1.499374
-12.99698697;3.559984;1.499374
-12.97650697;3.559984;1.499374
-12.95602697;3.648183;1.499374
-12.93554697;3.648183;1.499374
-12.91506697;3.648183;1.499374
-12.89458697;3.648183;1.499374
-12.87410697;3.648183;1.588183
-12.85362697;3.648183;1.588183
-12.83314697;3.648183;1.588183
-12.81266697;3.648183;1.588183
-12.79218697;3.648183;1.588183
-12.77170697;3.648183;1.588183
-12.75122697;3.648183;1.588183
-12.73074697;3.648183;1.588183
-12.71026697;3.648183;1.588183
-12.68978697;3.648183;1.588183
-12.66930697;3.648183;1.676687
-12.64882697;3.648183;1.676687
-12.62834697;3.648183;1.765496
-12.60786697;3.648183;1.676687
-12.58738697;3.648183;1.765496
-12.56690697;3.648183;1.676687
-12.54642697;3.648183;1.765496
-12.52594697;3.648183;1.765496
-12.50546697;3.648183;1.765496
-12.48498697;3.648183;1.765496
-12.46450697;3.648183;1.765496
-12.44402697;3.736381;1.765496
-12.42354697;3.648183;1.765496
-12.40306697;3.648183;1.854305
-12.38258697;3.648183;1.765496
-12.36210697;3.648183;1.854305
-12.34162697;3.648183;1.854305
-12.32114697;3.648183;1.854305
-12.30066697;3.648183;1.854305
-12.28018697;3.648183;1.854305
-12.25970697;3.736381;1.854305
-12.23922697;3.648183;1.854305
-12.21874697;3.648183;1.942808
-12.19826697;3.648183;1.942808
-12.17778697;3.648183;1.942808
-12.15730697;3.736381;1.942808
-12.13682697;3.648183;1.942808
-12.11634697;3.648183;1.942808
-12.09586697;3.736381;1.942808
-12.07538697;3.648183;1.942808
-12.05490697;3.648183;1.942808
-12.03442697;3.648183;1.942808
-12.01394697;3.648183;1.942808
-11.99346697;3.648183;1.942808
-11.97298697;3.648183;2.031617
-11.95250697;3.648183;2.031617
-11.93202697;3.648183;2.031617
-11.91154697;3.648183;2.031617
-11.89106697;3.648183;2.031617
-11.87058697;3.648183;2.120426
-11.85010697;3.648183;2.031617
-11.82962697;3.648183;2.031617
-11.80914697;3.736381;2.120426
-11.78866697;3.736381;2.120426
-11.76818697;3.736381;2.120426
-11.74770697;3.736381;2.031617
-11.72722697;3.648183;2.120426
-11.70674697;3.648183;2.120426
-11.68626697;3.648183;2.120426
-11.66578697;3.736381;2.120426
-11.64530697;3.736381;2.120426
-11.62482698;3.736381;2.120426
-11.60434698;3.736381;2.120426
-11.58386698;3.648183;2.20893
-11.56338698;3.736381;2.120426
-11.54290698;3.736381;2.120426
-11.52242698;3.736381;2.20893
-11.50194698;3.736381;2.20893
-11.48146698;3.736381;2.20893
-11.46098698;3.736381;2.120426
-11.44050698;3.736381;2.20893
-11.42002698;3.736381;2.20893
-11.39954698;3.736381;2.120426
-11.37906698;3.736381;2.20893
-11.35858698;3.736381;2.20893
-11.33810698;3.736381;2.20893
-11.31762698;3.736381;2.20893
-11.29714698;3.736381;2.120426
-11.27666698;3.736381;2.20893
-11.25618698;3.736381;2.20893
-11.23570698;3.736381;2.20893
-11.21522698;3.736381;2.20893
-11.19474698;3.736381;2.20893
-11.17426698;3.736381;2.20893
-11.15378698;3.736381;2.20893
-11.13330698;3.736381;2.20893
-11.11282698;3.736381;2.20893
-11.09234698;3.736381;2.20893
-11.07186698;3.736381;2.20893
-11.05138698;3.736381;2.20893
-11.03090698;3.736381;2.20893
-11.01042698;3.736381;2.20893
-10.98994698;3.736381;2.120426
-10.96946698;3.736381;2.20893
-10.94898698;3.736381;2.20893
-10.92850698;3.736381;2.20893
-10.90802698;3.736381;2.20893
-10.88754698;3.736381;2.20893
-10.86706698;3.736381;2.20893
-10.84658698;3.736381;2.20893
-10.82610698;3.82458;2.20893
-10.80562698;3.736381;2.20893
-10.78514698;3.736381;2.20893
-10.76466698;3.736381;2.20893
-10.74418698;3.736381;2.120426
-10.72370698;3.736381;2.20893
-10.70322698;3.736381;2.20893
-10.68274698;3.736381;2.120426
-10.66226698;3.736381;2.120426
-10.64178698;3.736381;2.20893
-10.62130698;3.736381;2.20893
-10.60082698;3.736381;2.120426
-10.58034698;3.736381;2.120426
-10.55986698;3.736381;2.20893
-10.53938698;3.736381;2.120426
-10.51890698;3.736381;2.120426
-10.49842698;3.736381;2.20893
-10.47794698;3.736381;2.120426
-10.45746698;3.736381;2.120426
-10.43698698;3.82458;2.120426
-10.41650698;3.736381;2.120426
-10.39602698;3.736381;2.120426
-10.37554698;3.82458;2.120426
-10.35506698;3.736381;2.120426
-10.33458698;3.82458;2.120426
-10.31410698;3.82458;2.120426
-10.29362698;3.736381;2.120426
-10.27314698;3.736381;2.120426
-10.25266698;3.736381;2.120426
-10.23218698;3.82458;2.120426
-10.21170698;3.736381;2.120426
-10.19122698;3.736381;2.120426
-10.17074698;3.736381;2.120426
-10.15026698;3.736381;2.120426
-10.12978698;3.736381;2.031617
-10.10930698;3.82458;2.031617
-10.08882698;3.736381;2.031617
-10.06834698;3.82458;2.120426
-10.04786698;3.82458;2.031617
-10.02738698;3.82458;2.031617
-10.00690698;3.736381;2.031617
-9.98642699;3.82458;2.031617
-9.96594699;3.736381;2.031617
-9.94546699;3.736381;2.031617
-9.92498699;3.82458;1.942808
-9.90450699;3.736381;2.031617
-9.88402699;3.82458;1.942808
-9.86354699;3.82458;1.942808
-9.84306699;3.736381;1.942808
-9.82258699;3.82458;1.942808
-9.80210699;3.82458;1.942808
-9.78162699;3.82458;1.942808
-9.76114699;3.82458;1.942808
-9.74066699;3.82458;1.942808
-9.72018699;3.82458;1.942808
-9.69970699;3.82458;1.942808
-9.67922699;3.82458;1.942808
-9.65874699;3.82458;1.942808
-9.63826699;3.82458;1.942808
-9.61778699;3.82458;1.942808
-9.59730699;3.82458;1.942808
-9.57682699;3.82458;1.942808
-9.55634699;3.82458;1.854305
-9.53586699;3.82458;1.854305
-9.51538699;3.82458;1.942808
-9.49490699;3.82458;1.942808
-9.47442699;3.82458;1.942808
-9.45394699;3.82458;1.854305
-9.43346699;3.82458;1.854305
-9.41298699;3.82458;1.854305
-9.39250699;3.82458;1.854305
-9.37202699;3.82458;1.854305
-9.35154699;3.82458;1.854305
-9.33106699;3.82458;1.854305
-9.31058699;3.82458;1.854305
-9.29010699;3.82458;1.854305
-9.26962699;3.82458;1.854305
-9.24914699;3.82458;1.765496
-9.22866699;3.82458;1.765496
-9.20818699;3.82458;1.765496
-9.18770699;3.82458;1.765496
-9.16722699;3.82458;1.765496
-9.14674699;3.82458;1.765496
-9.12626699;3.82458;1.765496
-9.10578699;3.82458;1.765496
-9.08530699;3.82458;1.765496
-9.06482699;3.82458;1.765496
-9.04434699;3.82458;1.765496
-9.02386699;3.82458;1.765496
-9.00338699;3.82458;1.765496
-8.98290699;3.82458;1.765496
-8.96242699;3.82458;1.765496
-8.94194699;3.82458;1.765496
-8.92146699;3.82458;1.765496
-8.90098699;3.82458;1.676687
-8.88050699;3.82458;1.765496
-8.86002699;3.912473;1.676687
-8.83954699;3.82458;1.765496
-8.81906699;3.82458;1.676687
-8.79858699;3.82458;1.765496
-8.77810699;3.82458;1.676687
-8.75762699;3.82458;1.588183
-8.73714699;3.82458;1.676687
-8.71666699;3.82458;1.676687
-8.69618699;3.82458;1.676687
-8.67570699;3.82458;1.676687
-8.65522699;3.82458;1.588183
-8.63474699;3.82458;1.588183
-8.61426699;3.82458;1.676687
-8.59378699;3.82458;1.588183
-8.57330699;3.82458;1.588183
-8.55282699;3.82458;1.588183
-8.53234699;3.82458;1.588183
-8.51186699;3.82458;1.588183
-8.49138699;3.912473;1.588183
-8.47090699;3.82458;1.588183
-8.45042699;3.82458;1.588183
-8.42994699;3.82458;1.588183
-8.40946699;3.82458;1.588183
-8.38898699;3.82458;1.588183
-8.36850699;3.912473;1.588183
-8.348027;3.82458;1.588183
-8.327547;3.82458;1.588183
-8.307067;3.82458;1.588183
-8.286587;3.82458;1.588183
-8.266107;3.82458;1.588183
-8.245627;3.912473;1.588183
-8.225147;3.82458;1.588183
-8.204667;3.82458;1.499374
-8.184187;3.912473;1.499374
-8.163707;3.912473;1.499374
-8.143227;3.82458;1.499374
-8.122747;3.912473;1.588183
-8.102267;3.82458;1.588183
-8.081787;3.82458;1.588183
-8.061307;3.912473;1.499374
-8.040827;3.912473;1.499374
-8.020347;3.912473;1.499374
-7.999867;3.82458;1.499374
-7.979387;3.82458;1.499374
-7.958907;3.912473;1.499374
-7.938427;3.82458;1.499374
-7.917947;3.82458;1.499374
-7.897467;3.912473;1.410565
-7.876987;3.912473;1.499374
-7.856507;3.82458;1.499374
-7.836027;3.82458;1.499374
-7.815547;3.912473;1.499374
-7.795067;3.912473;1.410565
-7.774587;3.82458;1.499374
-7.754107;4.000671;1.410565
-7.733627;3.912473;1.499374
-7.713147;3.912473;1.499374
-7.692667;4.000671;1.499374
-7.672187;3.82458;1.410565
-7.651707;3.912473;1.499374
-7.631227;3.912473;1.499374
-7.610747;3.912473;1.410565
-7.590267;4.000671;1.499374
-7.569787;4.000671;1.410565
-7.549307;3.912473;1.410565
-7.528827;4.000671;1.410565
-7.508347;3.912473;1.410565
-7.487867;3.912473;1.410565
-7.467387;3.912473;1.410565
-7.446907;3.82458;1.410565
-7.426427;4.000671;1.410565
-7.405947;3.912473;1.410565
-7.385467;3.912473;1.410565
-7.364987;3.912473;1.410565
-7.344507;3.912473;1.410565
-7.324027;3.912473;1.410565
-7.303547;4.000671;1.410565
-7.283067;4.000671;1.410565
-7.262587;4.000671;1.410565
-7.242107;4.000671;1.410565
-7.221627;4.000671;1.410565
-7.201147;3.912473;1.410565
-7.180667;3.912473;1.410565
-7.160187;4.000671;1.410565
-7.139707;4.000671;1.410565
-7.119227;4.000671;1.410565
-7.098747;4.000671;1.410565
-7.078267;4.000671;1.410565
-7.057787;4.000671;1.410565
-7.037307;4.000671;1.410565
-7.016827;4.000671;1.410565
-6.996347;4.000671;1.410565
-6.975867;4.000671;1.410565
-6.955387;4.000671;1.410565
-6.934907;4.000671;1.410565
-6.914427;4.000671;1.410565
-6.893947;4.000671;1.410565
-6.873467;4.000671;1.499374
-6.852987;4.000671;1.410565
-6.832507;4.000671;1.410565
-6.812027;4.000671;1.410565
-6.791547;4.000671;1.410565
-6.771067;4.000671;1.410565
-6.750587;4.000671;1.410565
-6.730107;4.000671;1.410565
-6.709627;4.000671;1.410565
-6.68914701;4.000671;1.410565
-6.66866701;4.000671;1.410565
-6.64818701;4.000671;1.410565
-6.62770701;4.000671;1.410565
-6.60722701;4.000671;1.410565
-6.58674701;4.000671;1.499374
-6.56626701;4.000671;1.410565
-6.54578701;4.000671;1.410565
-6.52530701;4.000671;1.410565
-6.50482701;4.000671;1.410565
-6.48434701;4.000671;1.410565
-6.46386701;4.000671;1.499374
-6.44338701;4.000671;1.499374
-6.42290701;4.000671;1.410565
-6.40242701;4.000671;1.499374
-6.38194701;4.000671;1.499374
-6.36146701;4.000671;1.499374
-6.34098701;4.000671;1.499374
-6.32050701;4.000671;1.499374
-6.30002701;4.08887;1.499374
-6.27954701;4.08887;1.499374
-6.25906701;4.000671;1.499374
-6.23858701;4.000671;1.499374
-6.21810701;4.08887;1.499374
-6.19762701;4.000671;1.588183
-6.17714701;4.08887;1.499374
-6.15666701;4.000671;1.499374
-6.13618701;4.000671;1.499374
-6.11570701;4.08887;1.588183
-6.09522701;4.08887;1.499374
-6.07474701;4.08887;1.588183
-6.05426701;4.08887;1.588183
-6.03378701;4.08887;1.588183
-6.01330701;4.08887;1.588183
-5.99282701;4.08887;1.588183
-5.97234701;4.08887;1.588183
-5.95186701;4.08887;1.588183
-5.93138701;4.000671;1.588183
-5.91090701;4.000671;1.588183
-5.89042701;4.08887;1.588183
-5.86994701;4.08887;1.588183
-5.84946701;4.08887;1.588183
-5.82898701;4.000671;1.588183
-5.80850701;4.000671;1.588183
-5.78802701;4.08887;1.588183
-5.76754701;4.08887;1.676687
-5.74706701;4.08887;1.676687
-5.72658701;4.000671;1.676687
-5.70610701;4.000671;1.676687
-5.68562701;4.000671;1.676687
-5.66514701;4.000671;1.676687
-5.64466701;4.000671;1.765496
-5.62418701;4.08887;1.676687
-5.60370701;4.08887;1.765496
-5.58322701;4.08887;1.765496
-5.56274701;4.08887;1.765496
-5.54226701;4.08887;1.765496
-5.52178701;4.08887;1.765496
-5.50130701;4.08887;1.765496
-5.48082701;4.08887;1.854305
-5.46034701;4.08887;1.765496
-5.43986701;4.08887;1.765496
-5.41938701;4.08887;1.854305
-5.39890701;4.08887;1.854305
-5.37842701;4.08887;1.854305
-5.35794701;4.08887;1.854305
-5.33746701;4.08887;1.854305
-5.31698701;4.08887;1.854305
-5.29650701;4.08887;1.942808
-5.27602701;4.08887;1.942808
-5.25554701;4.08887;1.854305
-5.23506701;4.08887;1.942808
-5.21458701;4.08887;1.942808
-5.19410701;4.08887;1.942808
-5.17362701;4.08887;1.942808
-5.15314701;4.08887;1.942808
-5.13266701;4.08887;1.942808
-5.11218701;4.08887;2.031617
-5.09170701;4.08887;2.031617
-5.07122701;4.08887;2.120426
-5.05074702;4.08887;2.120426
-5.03026702;4.08887;2.120426
-5.00978702;4.08887;2.120426
-4.98930702;4.08887;2.120426
-4.96882702;4.08887;2.120426
-4.94834702;4.08887;2.120426
-4.92786702;4.08887;2.120426
-4.90738702;4.08887;2.20893
-4.88690702;4.08887;2.20893
-4.86642702;4.08887;2.297739
-4.84594702;4.08887;2.297739
-4.82546702;4.08887;2.297739
-4.80498702;4.08887;2.297739
-4.78450702;4.08887;2.297739
-4.76402702;4.177068;2.386547
-4.74354702;4.08887;2.297739
-4.72306702;4.08887;2.386547
-4.70258702;4.08887;2.386547
-4.68210702;4.08887;2.475051
-4.66162702;4.08887;2.475051
-4.64114702;4.08887;2.475051
-4.62066702;4.08887;2.475051
-4.60018702;4.177068;2.475051
-4.57970702;4.08887;2.475051
-4.55922702;4.08887;2.475051
-4.53874702;4.08887;2.56386
-4.51826702;4.08887;2.56386
-4.49778702;4.08887;2.56386
-4.47730702;4.177068;2.652669
-4.45682702;4.177068;2.652669
-4.43634702;4.177068;2.652669
-4.41586702;4.08887;2.652669
-4.39538702;4.177068;2.652669
-4.37490702;4.08887;2.741173
-4.35442702;4.177068;2.741173
-4.33394702;4.08887;2.829981
-4.31346702;4.177068;2.829981
-4.29298702;4.177068;2.829981
-4.27250702;4.177068;2.829981
-4.25202702;4.08887;2.91879
-4.23154702;4.08887;2.91879
-4.21106702;4.177068;2.91879
-4.19058702;4.177068;2.91879
-4.17010702;4.08887;3.007599
-4.14962702;4.08887;3.007599
-4.12914702;4.177068;3.007599
-4.10866702;4.177068;3.007599
-4.08818702;4.177068;3.007599
-4.06770702;4.177068;3.007599
-4.04722702;4.177068;3.096103
-4.02674702;4.08887;3.096103
-4.00626702;4.177068;3.184912
-3.98578702;4.177068;3.184912
-3.96530702;4.177068;3.184912
-3.94482702;4.177068;3.184912
-3.92434702;4.177068;3.184912
-3.90386702;4.177068;3.273721
-3.88338702;4.177068;3.184912
-3.86290702;4.177068;3.273721
-3.84242702;4.177068;3.362224
-3.82194702;4.177068;3.362224
-3.80146702;4.177068;3.362224
-3.78098702;4.177068;3.362224
-3.76050702;4.177068;3.362224
-3.74002702;4.177068;3.451033
-3.71954702;4.177068;3.451033
-3.69906702;4.177068;3.539842
-3.67858702;4.177068;3.539842
-3.65810702;4.177068;3.539842
-3.63762702;4.177068;3.539842
-3.61714702;4.177068;3.539842
-3.59666702;4.177068;3.539842
-3.57618702;4.177068;3.628345
-3.55570702;4.177068;3.628345
-3.53522702;4.177068;3.717155
-3.51474702;4.177068;3.717155
-3.49426702;4.177068;3.717155
-3.47378702;4.177068;3.717155
-3.45330702;4.177068;3.717155
-3.43282702;4.177068;3.717155
-3.41234703;4.177068;3.805963
-3.39186703;4.177068;3.805963
-3.37138703;4.177068;3.894467
-3.35090703;4.177068;3.894467
-3.33042703;4.177068;3.894467
-3.30994703;4.177068;3.894467
-3.28946703;4.177068;3.983276
-3.26898703;4.177068;3.983276
-3.24850703;4.177068;3.983276
-3.22802703;4.177068;4.072085
-3.20754703;4.177068;4.072085
-3.18706703;4.177068;4.072085
-3.16658703;4.177068;4.072085
-3.14610703;4.177068;4.072085
-3.12562703;4.177068;4.072085
-3.10514703;4.177068;4.072085
-3.08466703;4.177068;4.160588
-3.06418703;4.177068;4.160588
-3.04370703;4.177068;4.249397
-3.02322703;4.177068;4.249397
-3.00274703;4.177068;4.249397
-2.98226703;4.177068;4.249397
-2.96178703;4.177068;4.338206
-2.94130703;4.177068;4.338206
-2.92082703;4.177068;4.338206
-2.90034703;4.177068;4.338206
-2.87986703;4.265267;4.338206
-2.85938703;4.177068;4.427015
-2.83890703;4.177068;4.427015
-2.81842703;4.177068;4.427015
-2.79794703;4.177068;4.427015
-2.77746703;4.177068;4.427015
-2.75698703;4.177068;4.427015
-2.73650703;4.177068;4.427015
-2.71602703;4.177068;4.515519
-2.69554703;4.177068;4.515519
-2.67506703;4.177068;4.515519
-2.65458703;4.177068;4.515519
-2.63410703;4.177068;4.515519
-2.61362703;4.177068;4.604328
-2.59314703;4.177068;4.604328
-2.57266703;4.177068;4.693136
-2.55218703;4.177068;4.604328
-2.53170703;4.177068;4.693136
-2.51122703;4.177068;4.693136
-2.49074703;4.265267;4.693136
-2.47026703;4.177068;4.693136
-2.44978703;4.177068;4.693136
-2.42930703;4.177068;4.693136
-2.40882703;4.265267;4.693136
-2.38834703;4.177068;4.78164
-2.36786703;4.177068;4.78164
-2.34738703;4.177068;4.78164
-2.32690703;4.177068;4.78164
-2.30642703;4.177068;4.78164
-2.28594703;4.177068;4.78164
-2.26546703;4.265267;4.78164
-2.24498703;4.177068;4.78164
-2.22450703;4.265267;4.78164
-2.20402703;4.177068;4.78164
-2.18354703;4.265267;4.870449
-2.16306703;4.265267;4.870449
-2.14258703;4.265267;4.959258
-2.12210703;4.265267;4.870449
-2.10162703;4.177068;4.959258
-2.08114703;4.265267;4.959258
-2.06066703;4.265267;4.959258
-2.04018703;4.265267;4.959258
-2.01970703;4.265267;4.959258
-1.99922703;4.265267;4.959258
-1.97874703;4.265267;4.959258
-1.95826703;4.265267;4.959258
-1.93778703;4.265267;5.047761
-1.91730703;4.265267;5.047761
-1.89682703;4.177068;4.959258
-1.87634703;4.265267;5.047761
-1.85586703;4.265267;5.047761
-1.83538703;4.265267;5.047761
-1.81490703;4.265267;5.047761
-1.79442703;4.265267;5.047761
-1.77394703;4.265267;5.13657
-1.75346704;4.265267;5.13657
-1.73298704;4.265267;5.13657
-1.71250704;4.265267;5.13657
-1.69202704;4.265267;5.13657
-1.67154704;4.265267;5.13657
-1.65106704;4.265267;5.13657
-1.63058704;4.265267;5.13657
-1.61010704;4.265267;5.13657
-1.58962704;4.265267;5.13657
-1.56914704;4.265267;5.13657
-1.54866704;4.353466;5.13657
-1.52818704;4.265267;5.13657
-1.50770704;4.265267;5.13657
-1.48722704;4.265267;5.13657
-1.46674704;4.265267;5.13657
-1.44626704;4.265267;5.13657
-1.42578704;4.265267;5.13657
-1.40530704;4.265267;5.13657
-1.38482704;4.353466;5.13657
-1.36434704;4.265267;5.13657
-1.34386704;4.353466;5.13657
-1.32338704;4.353466;5.13657
-1.30290704;4.265267;5.13657
-1.28242704;4.353466;5.225379
-1.26194704;4.353466;5.13657
-1.24146704;4.353466;5.225379
-1.22098704;4.353466;5.225379
-1.20050704;4.353466;5.225379
-1.18002704;4.265267;5.225379
-1.15954704;4.265267;5.225379
-1.13906704;4.353466;5.225379
-1.11858704;4.353466;5.225379
-1.09810704;4.353466;5.225379
-1.07762704;4.353466;5.225379
-1.05714704;4.353466;5.225379
-1.03666704;4.353466;5.225379
-1.01618704;4.353466;5.225379
-0.99570704;4.353466;5.313883
-0.97522704;4.353466;5.313883
-0.95474704;4.353466;5.225379
-0.93426704;4.353466;5.313883
-0.91378704;4.353466;5.313883
-0.89330704;4.353466;5.313883
-0.87282704;4.353466;5.313883
-0.85234704;4.353466;5.313883
-0.83186704;4.353466;5.313883
-0.81138704;4.353466;5.225379
-0.79090704;4.353466;5.313883
-0.77042704;4.353466;5.313883
-0.74994704;4.353466;5.313883
-0.72946704;4.353466;5.313883
-0.70898704;4.353466;5.313883
-0.68850704;4.353466;5.313883
-0.66802704;4.353466;5.313883
-0.64754704;4.353466;5.313883
-0.62706704;4.353466;5.313883
-0.60658704;4.353466;5.313883
-0.58610704;4.353466;5.313883
-0.56562704;4.353466;5.313883
-0.54514704;4.353466;5.313883
-0.52466704;4.353466;5.313883
-0.50418704;4.353466;5.313883
-0.48370704;4.353466;5.313883
-0.46322704;4.353466;5.313883
-0.44274704;4.353466;5.313883
-0.42226704;4.353466;5.313883
-0.40178704;4.441664;5.313883
-0.38130704;4.353466;5.313883
-0.36082704;4.353466;5.313883
-0.34034704;4.353466;5.313883
-0.31986704;4.353466;5.313883
-0.29938704;4.353466;5.402692
-0.27890704;4.353466;5.313883
-0.25842704;4.353466;5.402692
-0.23794704;4.441664;5.402692
-0.21746704;4.353466;5.313883
-0.19698704;4.353466;5.402692
-0.17650704;4.441664;5.402692
-0.15602704;4.353466;5.402692
-0.13554704;4.353466;5.402692
-0.11506705;4.441664;5.402692
-0.09458705;4.353466;5.402692
-0.07410705;4.353466;5.402692
-0.05362705;4.353466;5.402692
-0.03314705;4.353466;5.402692
-0.01266705;0.122074;0.257271
0.00781295;0.03387555;-0.00854518
0.02829295;0.03387555;-0.00854518
0.04877295;0.03387555;-0.00854518
0.06925295;0.03387555;-0.00854518
0.08973295;0.03387555;-0.00854518
0.11021295;0.03387555;-0.00854518
0.13069295;0.03387555;-0.00854518
0.15117295;0.03387555;0.08026368
0.17165295;-0.05432295;-0.00854518
0.19213295;0.03387555;-0.00854518
0.21261295;0.03387555;0.08026368
0.23309295;0.03387555;-0.00854518
0.25357295;0.03387555;-0.00854518
0.27405295;0.03387555;-0.00854518
0.29453295;0.03387555;-0.00854518
0.31501295;0.03387555;-0.00854518
0.33549295;0.03387555;-0.00854518
0.35597295;-0.05432295;-0.00854518
0.37645295;0.03387555;-0.00854518
0.39693295;0.03387555;-0.00854518
0.41741295;0.03387555;-0.00854518
0.43789295;0.03387555;-0.00854518
0.45837295;0.03387555;-0.00854518
0.47885295;0.03387555;-0.00854518
0.49933295;0.03387555;-0.00854518
0.51981295;0.03387555;-0.00854518
0.54029295;-0.05432295;-0.00854518
0.56077295;0.03387555;-0.00854518
0.58125295;0.03387555;-0.00854518
0.60173295;0.03387555;-0.00854518
0.62221295;-0.05432295;-0.00854518
0.64269295;0.03387555;-0.00854518
0.66317295;0.03387555;-0.00854518
0.68365295;0.03387555;-0.00854518
0.70413295;0.03387555;-0.00854518
0.72461295;0.03387555;-0.00854518
0.74509295;0.03387555;-0.00854518
0.76557295;0.03387555;-0.00854518
0.78605295;0.03387555;-0.00854518
0.80653295;0.03387555;-0.00854518
0.82701295;0.03387555;-0.00854518
0.84749295;0.03387555;-0.00854518
0.86797295;0.03387555;-0.00854518
0.88845295;0.03387555;-0.00854518
0.90893295;0.03387555;-0.00854518
0.92941295;0.03387555;-0.00854518
0.94989295;-0.05432295;-0.00854518
0.97037295;-0.05432295;0.08026368
0.99085295;0.03387555;-0.00854518
1.01133295;0.03387555;-0.00854518
1.03181295;0.03387555;-0.00854518
1.05229295;0.03387555;-0.00854518
1.07277295;0.03387555;-0.00854518
1.09325295;-0.05432295;-0.00854518
1.11373295;0.03387555;-0.00854518
1.13421295;0.03387555;-0.00854518
1.15469295;0.03387555;-0.00854518
1.17517295;-0.05432295;-0.00854518
1.19565295;0.03387555;-0.00854518
1.21613295;0.03387555;-0.00854518
1.23661295;0.03387555;0.08026368
1.25709295;0.03387555;-0.00854518
1.27757295;-0.05432295;-0.00854518
1.29805295;-0.05432295;-0.00854518
1.31853295;0.03387555;-0.00854518
1.33901295;0.03387555;-0.00854518
1.35949295;0.03387555;-0.00854518
1.37997295;0.03387555;-0.00854518
1.40045295;0.03387555;-0.00854518
1.42093295;0.03387555;-0.00854518
1.44141295;0.03387555;-0.00854518
1.46189295;0.03387555;-0.00854518
1.48237295;0.03387555;-0.00854518
1.50285295;0.03387555;-0.00854518
1.52333294;0.03387555;-0.00854518
1.54381294;0.03387555;-0.00854518
1.56429294;0.03387555;0.08026368
1.58477294;0.03387555;-0.00854518
1.60525294;0.03387555;-0.00854518
1.62573294;0.03387555;-0.00854518
1.64621294;0.03387555;-0.00854518
1.66669294;0.03387555;-0.00854518
1.68717294;0.03387555;-0.00854518
1.70765294;-0.05432295;-0.00854518
1.72813294;0.03387555;-0.00854518
1.74861294;0.03387555;-0.00854518
1.76909294;0.03387555;-0.00854518
1.78957294;0.03387555;-0.00854518
1.81005294;-0.05432295;-0.00854518
1.83053294;-0.05432295;-0.00854518
1.85101294;0.03387555;-0.00854518
1.87149294;0.03387555;-0.00854518
1.89197294;0.03387555;-0.00854518
1.91245294;0.03387555;-0.00854518
1.93293294;0.03387555;-0.00854518
1.95341294;0.03387555;-0.00854518
1.97389294;0.03387555;-0.00854518
1.99437294;0.03387555;-0.00854518
2.01485294;0.03387555;-0.00854518
2.03533294;-0.05432295;-0.00854518
2.05581294;-0.05432295;-0.00854518
2.07629294;0.03387555;-0.00854518
2.09677294;0.03387555;0.08026368
2.11725294;0.03387555;-0.00854518
2.13773294;0.03387555;0.08026368
2.15821294;0.03387555;-0.00854518
2.17869294;0.03387555;-0.00854518
2.19917294;0.03387555;-0.00854518
2.21965294;0.03387555;-0.00854518
2.24013294;-0.05432295;-0.00854518
2.26061294;0.03387555;0.08026368
2.28109294;-0.05432295;-0.00854518
2.30157294;0.03387555;-0.00854518
2.32205294;0.03387555;-0.00854518
2.34253294;0.03387555;-0.00854518
2.36301294;0.03387555;-0.00854518
2.38349294;0.03387555;-0.00854518
2.40397294;0.03387555;-0.00854518
2.42445294;0.03387555;-0.00854518
2.44493294;0.03387555;-0.00854518
2.46541294;0.03387555;-0.00854518
2.48589294;-0.05432295;-0.00854518
2.50637294;0.03387555;-0.00854518
2.52685294;0.03387555;-0.00854518
2.54733294;0.03387555;-0.00854518
2.56781294;-0.05432295;0.08026368
2.58829294;-0.05432295;-0.00854518
2.60877294;0.03387555;0.08026368
2.62925294;0.03387555;-0.00854518
2.64973294;0.03387555;-0.00854518
2.67021294;0.03387555;-0.00854518
2.69069294;0.03387555;0.08026368
2.71117294;0.03387555;-0.00854518
2.73165294;-0.05432295;-0.00854518
2.75213294;0.03387555;-0.00854518
2.77261294;0.03387555;-0.00854518
2.79309294;0.03387555;-0.00854518
2.81357294;0.03387555;-0.00854518
2.83405294;0.03387555;-0.00854518
2.85453294;-0.05432295;-0.00854518
2.87501294;0.03387555;0.08026368
2.89549294;-0.05432295;-0.00854518
2.91597294;0.03387555;-0.00854518
2.93645294;-0.05432295;-0.00854518
2.95693294;-0.05432295;-0.00854518
2.97741294;0.03387555;-0.00854518
2.99789294;0.03387555;-0.00854518
3.01837294;0.03387555;0.08026368
3.03885294;0.03387555;0.08026368
3.05933294;0.03387555;-0.00854518
3.07981294;0.03387555;-0.00854518
3.10029294;0.03387555;-0.00854518
3.12077294;0.03387555;-0.00854518
3.14125294;0.03387555;0.08026368
3.16173294;0.03387555;0.08026368
3.18221293;0.03387555;-0.00854518
3.20269293;0.03387555;-0.00854518
3.22317293;0.03387555;-0.00854518
3.24365293;0.03387555;0.08026368
3.26413293;0.03387555;-0.00854518
3.28461293;0.03387555;-0.00854518
3.30509293;0.03387555;0.08026368
3.32557293;0.03387555;-0.00854518
3.34605293;0.03387555;-0.00854518
3.36653293;-0.05432295;-0.00854518
3.38701293;0.03387555;-0.00854518
3.40749293;-0.05432295;-0.00854518
3.42797293;0.03387555;-0.00854518
3.44845293;-0.05432295;-0.00854518
3.46893293;0.03387555;-0.00854518
3.48941293;-0.05432295;-0.00854518
3.50989293;0.03387555;-0.00854518
3.53037293;-0.05432295;-0.00854518
3.55085293;0.03387555;-0.00854518
3.57133293;-0.05432295;0.08026368
3.59181293;0.03387555;0.08026368
3.61229293;0.03387555;-0.00854518
3.63277293;0.03387555;0.08026368
3.65325293;0.03387555;-0.00854518
3.67373293;0.03387555;-0.00854518
3.69421293;-0.05432295;0.08026368
3.71469293;0.03387555;-0.00854518
3.73517293;-0.05432295;-0.00854518
3.75565293;0.03387555;-0.00854518
3.77613293;0.03387555;-0.00854518
3.79661293;0.03387555;-0.00854518
3.81709293;-0.05432295;-0.00854518
3.83757293;0.03387555;-0.00854518
3.85805293;-0.05432295;-0.00854518
3.87853293;0.03387555;-0.00854518
3.89901293;0.03387555;-0.00854518
3.91949293;0.03387555;-0.00854518
3.93997293;0.03387555;-0.00854518
3.96045293;0.03387555;-0.00854518
3.98093293;-0.05432295;-0.00854518
4.00141293;0.03387555;-0.00854518
4.02189293;-0.05432295;0.08026368
4.04237293;0.03387555;-0.00854518
4.06285293;0.03387555;-0.00854518
4.08333293;-0.05432295;-0.00854518
4.10381293;0.03387555;-0.00854518
4.12429293;0.03387555;-0.00854518
4.14477293;0.03387555;-0.00854518
4.16525293;0.03387555;-0.00854518
4.18573293;0.03387555;-0.00854518
4.20621293;0.03387555;-0.00854518
4.22669293;0.03387555;-0.00854518
4.24717293;0.03387555;-0.00854518
4.26765293;0.03387555;-0.00854518
4.28813293;0.03387555;-0.00854518
4.30861293;0.03387555;-0.00854518
4.32909293;0.03387555;-0.00854518
4.34957293;0.03387555;-0.00854518
4.37005293;0.03387555;-0.00854518
4.39053293;0.03387555;-0.00854518
4.41101293;0.03387555;-0.00854518
4.43149293;-0.05432295;-0.00854518
4.45197293;-0.05432295;-0.00854518
4.47245293;0.03387555;-0.00854518
4.49293293;0.03387555;-0.00854518
4.51341293;0.03387555;-0.00854518
4.53389293;-0.05432295;-0.00854518
4.55437293;0.03387555;-0.00854518
4.57485293;-0.05432295;-0.00854518
4.59533293;0.03387555;-0.00854518
4.61581293;0.03387555;0.08026368
4.63629293;-0.05432295;-0.00854518
4.65677293;0.03387555;-0.00854518
4.67725293;-0.05432295;-0.00854518
4.69773293;0.03387555;-0.00854518
4.71821293;0.03387555;-0.00854518
4.73869293;0.03387555;-0.00854518
4.75917293;0.03387555;-0.00854518
4.77965293;-0.05432295;-0.00854518
4.80013293;-0.05432295;-0.00854518
4.82061292;0.03387555;-0.00854518
4.84109292;0.03387555;-0.00854518
4.86157292;0.03387555;-0.00854518
4.88205292;0.03387555;-0.00854518
4.90253292;0.03387555;-0.00854518
4.92301292;0.03387555;-0.00854518
4.94349292;0.03387555;-0.00854518
4.96397292;0.03387555;-0.00854518
4.98445292;-0.05432295;-0.00854518
5.00493292;-0.05432295;-0.00854518
5.02541292;0.03387555;-0.00854518
