Time;Channel A;Channel B
(ms);(V);(V)

-45.03535852;0.03387555;-0.00854518
-45.01487852;0.03387555;-0.00854518
-44.99439852;0.03387555;0.08026368
-44.97391852;0.03387555;-0.00854518
-44.95343852;0.03387555;-0.00854518
-44.93295852;0.03387555;-0.00854518
-44.91247852;0.03387555;0.08026368
-44.89199852;0.03387555;-0.00854518
-44.87151852;-0.05432295;0.08026368
-44.85103852;0.03387555;0.08026368
-44.83055852;0.03387555;-0.00854518
-44.81007852;0.03387555;-0.00854518
-44.78959852;0.03387555;0.08026368
-44.76911852;0.03387555;-0.00854518
-44.74863852;0.03387555;-0.00854518
-44.72815852;0.03387555;0.08026368
-44.70767852;0.03387555;-0.00854518
-44.68719852;0.03387555;-0.00854518
-44.66671852;0.03387555;-0.00854518
-44.64623852;0.03387555;-0.00854518
-44.62575852;0.03387555;-0.00854518
-44.60527852;0.03387555;-0.00854518
-44.58479852;0.03387555;-0.00854518
-44.56431852;0.03387555;-0.00854518
-44.54383852;0.03387555;-0.00854518
-44.52335852;0.03387555;-0.00854518
-44.50287852;0.03387555;-0.00854518
-44.48239852;-0.05432295;-0.00854518
-44.46191852;0.12207400;0.08026368
-44.44143852;0.03387555;-0.00854518
-44.42095852;0.03387555;-0.00854518
-44.40047852;0.03387555;-0.00854518
-44.37999852;0.03387555;-0.00854518
-44.35951852;0.03387555;-0.00854518
-44.33903852;0.03387555;-0.00854518
-44.31855852;0.03387555;-0.00854518
-44.29807852;0.03387555;-0.00854518
-44.27759852;0.03387555;0.08026368
-44.25711852;0.03387555;-0.00854518
-44.23663852;0.03387555;-0.00854518
-44.21615852;0.03387555;-0.00854518
-44.19567852;0.03387555;-0.00854518
-44.17519852;0.03387555;0.08026368
-44.15471852;0.03387555;-0.00854518
-44.13423852;0.03387555;-0.00854518
-44.11375852;0.03387555;-0.00854518
-44.09327852;0.03387555;-0.00854518
-44.07279852;0.03387555;0.08026368
-44.05231852;0.03387555;-0.00854518
-44.03183852;0.03387555;-0.00854518
-44.01135852;0.03387555;-0.00854518
-43.99087852;0.03387555;-0.00854518
-43.97039852;-0.05432295;-0.00854518
-43.94991852;0.03387555;-0.00854518
-43.92943853;-0.05432295;-0.00854518
-43.90895853;-0.05432295;-0.00854518
-43.88847853;-0.05432295;-0.00854518
-43.86799853;-0.05432295;-0.00854518
-43.84751853;0.03387555;-0.00854518
-43.82703853;0.03387555;-0.00854518
-43.80655853;0.03387555;0.08026368
-43.78607853;-0.05432295;-0.00854518
-43.76559853;0.03387555;-0.00854518
-43.74511853;-0.05432295;0.08026368
-43.72463853;0.03387555;-0.00854518
-43.70415853;-0.05432295;-0.00854518
-43.68367853;0.03387555;-0.00854518
-43.66319853;0.03387555;-0.00854518
-43.64271853;-0.05432295;-0.00854518
-43.62223853;0.03387555;-0.00854518
-43.60175853;0.03387555;-0.00854518
-43.58127853;0.03387555;-0.00854518
-43.56079853;0.03387555;-0.00854518
-43.54031853;0.03387555;-0.00854518
-43.51983853;-0.05432295;-0.00854518
-43.49935853;0.03387555;-0.00854518
-43.47887853;0.03387555;-0.00854518
-43.45839853;0.03387555;-0.00854518
-43.43791853;-0.05432295;-0.00854518
-43.41743853;0.03387555;-0.00854518
-43.39695853;-0.05432295;-0.00854518
-43.37647853;0.03387555;-0.00854518
-43.35599853;0.03387555;-0.00854518
-43.33551853;0.03387555;-0.00854518
-43.31503853;0.03387555;-0.00854518
-43.29455853;0.03387555;-0.00854518
-43.27407853;0.03387555;-0.00854518
-43.25359853;0.03387555;-0.00854518
-43.23311853;0.03387555;-0.00854518
-43.21263853;0.03387555;-0.00854518
-43.19215853;0.03387555;-0.00854518
-43.17167853;-0.05432295;-0.00854518
-43.15119853;0.03387555;0.08026368
-43.13071853;0.03387555;-0.00854518
-43.11023853;0.03387555;-0.00854518
-43.08975853;0.03387555;-0.00854518
-43.06927853;0.03387555;-0.00854518
-43.04879853;0.03387555;-0.00854518
-43.02831853;-0.05432295;-0.00854518
-43.00783853;0.03387555;0.08026368
-42.98735853;0.03387555;-0.00854518
-42.96687853;0.03387555;-0.00854518
-42.94639853;-0.05432295;-0.00854518
-42.92591853;0.03387555;-0.00854518
-42.90543853;0.03387555;0.08026368
-42.88495853;0.03387555;0.08026368
-42.86447853;0.03387555;-0.00854518
-42.84399853;-0.05432295;0.08026368
-42.82351853;-0.05432295;-0.00854518
-42.80303853;-0.05432295;-0.00854518
-42.78255853;0.03387555;-0.00854518
-42.76207853;0.03387555;-0.00854518
-42.74159853;0.03387555;0.08026368
-42.72111853;-0.05432295;-0.00854518
-42.70063853;-0.05432295;-0.00854518
-42.68015853;-0.05432295;-0.00854518
-42.65967853;-0.05432295;-0.00854518
-42.63919853;0.03387555;-0.00854518
-42.61871853;-0.05432295;-0.00854518
-42.59823853;0.03387555;-0.00854518
-42.57775853;0.03387555;0.08026368
-42.55727853;-0.05432295;-0.00854518
-42.53679853;0.03387555;0.08026368
-42.51631853;0.03387555;-0.00854518
-42.49583853;0.03387555;0.08026368
-42.47535853;0.03387555;-0.00854518
-42.45487853;0.03387555;-0.00854518
-42.43439853;-0.05432295;-0.00854518
-42.41391853;-0.05432295;-0.00854518
-42.39343853;0.03387555;-0.00854518
-42.37295853;0.03387555;-0.00854518
-42.35247853;0.03387555;-0.00854518
-42.33199853;0.03387555;-0.00854518
-42.31151853;-0.05432295;-0.00854518
-42.29103854;0.03387555;-0.00854518
-42.27055854;0.03387555;-0.00854518
-42.25007854;0.03387555;-0.00854518
-42.22959854;0.03387555;-0.00854518
-42.20911854;0.03387555;-0.00854518
-42.18863854;0.03387555;-0.00854518
-42.16815854;0.03387555;-0.00854518
-42.14767854;0.03387555;-0.00854518
-42.12719854;0.03387555;-0.00854518
-42.10671854;0.03387555;-0.00854518
-42.08623854;0.03387555;-0.00854518
-42.06575854;-0.05432295;-0.00854518
-42.04527854;0.03387555;-0.00854518
-42.02479854;-0.05432295;-0.00854518
-42.00431854;0.03387555;-0.00854518
-41.98383854;-0.05432295;-0.00854518
-41.96335854;0.03387555;0.08026368
-41.94287854;0.03387555;-0.00854518
-41.92239854;0.03387555;-0.00854518
-41.90191854;-0.05432295;-0.00854518
-41.88143854;0.03387555;-0.00854518
-41.86095854;0.03387555;-0.00854518
-41.84047854;-0.05432295;-0.00854518
-41.81999854;0.03387555;-0.00854518
-41.79951854;0.03387555;-0.00854518
-41.77903854;0.03387555;-0.00854518
-41.75855854;0.03387555;-0.00854518
-41.73807854;0.03387555;-0.00854518
-41.71759854;-0.05432295;0.08026368
-41.69711854;-0.05432295;-0.00854518
-41.67663854;0.03387555;-0.00854518
-41.65615854;0.03387555;-0.00854518
-41.63567854;0.03387555;-0.00854518
-41.61519854;0.03387555;-0.00854518
-41.59471854;0.03387555;-0.00854518
-41.57423854;0.03387555;0.08026368
-41.55375854;0.03387555;-0.00854518
-41.53327854;0.03387555;-0.00854518
-41.51279854;0.03387555;-0.00854518
-41.49231854;0.03387555;-0.00854518
-41.47183854;0.03387555;-0.00854518
-41.45135854;-0.05432295;-0.00854518
-41.43087854;-0.05432295;-0.00854518
-41.41039854;-0.05432295;0.08026368
-41.38991854;0.03387555;-0.00854518
-41.36943854;-0.05432295;-0.00854518
-41.34895854;0.03387555;-0.00854518
-41.32847854;0.03387555;-0.00854518
-41.30799854;0.03387555;-0.00854518
-41.28751854;0.03387555;-0.00854518
-41.26703854;-0.05432295;-0.00854518
-41.24655854;0.03387555;-0.00854518
-41.22607854;0.03387555;-0.00854518
-41.20559854;0.03387555;0.08026368
-41.18511854;0.03387555;-0.00854518
-41.16463854;0.03387555;-0.00854518
-41.14415854;0.03387555;0.08026368
-41.12367854;0.03387555;-0.00854518
-41.10319854;-0.05432295;-0.00854518
-41.08271854;0.03387555;-0.00854518
-41.06223854;0.03387555;-0.00854518
-41.04175854;-0.05432295;-0.00854518
-41.02127854;0.03387555;-0.00854518
-41.00079854;0.03387555;-0.00854518
-40.98031854;0.03387555;-0.00854518
-40.95983854;0.03387555;-0.00854518
-40.93935854;0.03387555;0.08026368
-40.91887854;0.03387555;-0.00854518
-40.89839854;-0.05432295;-0.00854518
-40.87791854;0.03387555;-0.00854518
-40.85743854;0.03387555;-0.00854518
-40.83695854;0.03387555;-0.00854518
-40.81647854;0.03387555;-0.00854518
-40.79599854;0.03387555;-0.00854518
-40.77551854;0.03387555;-0.00854518
-40.75503854;0.03387555;-0.00854518
-40.73455854;0.03387555;-0.00854518
-40.71407854;0.03387555;-0.00854518
-40.69359854;0.03387555;-0.00854518
-40.67311854;0.03387555;0.08026368
-40.65263854;0.03387555;-0.00854518
-40.63215855;0.03387555;-0.00854518
-40.61167855;-0.05432295;-0.00854518
-40.59119855;0.03387555;-0.00854518
-40.57071855;0.03387555;-0.00854518
-40.55023855;0.03387555;-0.00854518
-40.52975855;0.03387555;-0.00854518
-40.50927855;0.03387555;-0.00854518
-40.48879855;0.03387555;-0.00854518
-40.46831855;0.03387555;-0.00854518
-40.44783855;0.03387555;-0.00854518
-40.42735855;0.03387555;-0.00854518
-40.40687855;-0.05432295;-0.00854518
-40.38639855;0.03387555;-0.00854518
-40.36591855;-0.05432295;-0.00854518
-40.34543855;0.03387555;-0.00854518
-40.32495855;-0.05432295;-0.00854518
-40.30447855;0.03387555;0.08026368
-40.28399855;0.03387555;-0.00854518
-40.26351855;-0.05432295;-0.00854518
-40.24303855;0.03387555;-0.00854518
-40.22255855;0.03387555;0.08026368
-40.20207855;0.03387555;-0.00854518
-40.18159855;0.03387555;-0.00854518
-40.16111855;0.03387555;-0.00854518
-40.14063855;0.03387555;-0.00854518
-40.12015855;0.03387555;-0.00854518
-40.09967855;0.03387555;0.08026368
-40.07919855;0.03387555;-0.00854518
-40.05871855;0.03387555;-0.00854518
-40.03823855;0.03387555;-0.00854518
-40.01775855;2.06122000;-0.00854518
-39.99727855;2.06122000;-0.00854518
-39.97679855;2.06122000;-0.00854518
-39.95631855;2.06122000;-0.00854518
-39.93583855;2.06122000;-0.00854518
-39.91535855;2.06122000;-0.00854518
-39.89487855;2.06122000;-0.00854518
-39.87439855;2.06122000;-0.00854518
-39.85391855;2.06122000;-0.00854518
-39.83343855;2.06122000;0.08026368
-39.81295855;2.06122000;-0.00854518
-39.79247855;2.06122000;-0.00854518
-39.77199855;2.06122000;-0.00854518
-39.75151855;2.06122000;-0.00854518
-39.73103855;2.06122000;-0.00854518
-39.71055855;2.06122000;-0.00854518
-39.69007855;2.06122000;-0.00854518
-39.66959855;2.06122000;-0.00854518
-39.64911855;2.06122000;0.08026368
-39.62863855;2.06122000;-0.00854518
-39.60815855;2.06122000;-0.00854518
-39.58767855;2.06122000;-0.00854518
-39.56719855;2.06122000;-0.00854518
-39.54671855;2.06122000;-0.00854518
-39.52623855;2.06122000;-0.00854518
-39.50575855;2.06122000;-0.00854518
-39.48527855;2.06122000;-0.00854518
-39.46479855;2.06122000;-0.00854518
-39.44431855;2.06122000;-0.00854518
-39.42383855;2.06122000;-0.00854518
-39.40335855;2.06122000;-0.00854518
-39.38287855;2.06122000;-0.00854518
-39.36239855;2.06122000;-0.00854518
-39.34191855;2.06122000;-0.00854518
-39.32143855;2.06122000;-0.00854518
-39.30095855;2.06122000;-0.00854518
-39.28047855;2.14941900;-0.00854518
-39.25999855;2.14941900;0.08026368
-39.23951855;2.06122000;-0.00854518
-39.21903855;2.06122000;0.08026368
-39.19855855;2.06122000;0.08026368
-39.17807855;2.14941900;0.08026368
-39.15759855;2.06122000;0.08026368
-39.13711855;2.06122000;0.08026368
-39.11663855;2.06122000;0.08026368
-39.09615855;2.06122000;0.08026368
-39.07567855;2.06122000;0.08026368
-39.05519855;2.06122000;0.08026368
-39.03471855;2.14941900;0.08026368
-39.01423855;2.14941900;-0.00854518
-38.99375856;2.14941900;0.08026368
-38.97327856;2.14941900;0.08026368
-38.95279856;2.14941900;0.08026368
-38.93231856;2.14941900;-0.00854518
-38.91183856;2.14941900;0.08026368
-38.89135856;2.14941900;-0.00854518
-38.87087856;2.14941900;0.08026368
-38.85039856;2.14941900;0.08026368
-38.82991856;2.14941900;0.08026368
-38.80943856;2.06122000;0.08026368
-38.78895856;2.14941900;0.08026368
-38.76847856;2.14941900;0.08026368
-38.74799856;2.14941900;-0.00854518
-38.72751856;2.14941900;0.08026368
-38.70703856;2.23761700;0.08026368
-38.68655856;2.14941900;0.08026368
-38.66607856;2.14941900;0.08026368
-38.64559856;2.14941900;0.16876740
-38.62511856;2.23761700;0.08026368
-38.60463856;2.23761700;0.08026368
-38.58415856;2.14941900;0.08026368
-38.56367856;2.14941900;0.08026368
-38.54319856;2.23761700;0.08026368
-38.52271856;2.14941900;0.08026368
-38.50223856;2.23761700;0.08026368
-38.48175856;2.14941900;0.08026368
-38.46127856;2.23761700;0.16876740
-38.44079856;2.14941900;0.08026368
-38.42031856;2.23761700;0.08026368
-38.39983856;2.23761700;0.08026368
-38.37935856;2.23761700;0.16876740
-38.35887856;2.23761700;0.08026368
-38.33839856;2.23761700;0.08026368
-38.31791856;2.23761700;0.16876740
-38.29743856;2.23761700;0.08026368
-38.27695856;2.23761700;0.08026368
-38.25647856;2.23761700;0.08026368
-38.23599856;2.14941900;0.08026368
-38.21551856;2.23761700;0.08026368
-38.19503856;2.23761700;0.16876740
-38.17455856;2.23761700;0.16876740
-38.15407856;2.23761700;0.16876740
-38.13359856;2.23761700;0.16876740
-38.11311856;2.23761700;0.16876740
-38.09263856;2.23761700;0.16876740
-38.07215856;2.23761700;0.16876740
-38.05167856;2.23761700;0.16876740
-38.03119856;2.23761700;0.08026368
-38.01071856;2.23761700;0.08026368
-37.99023856;2.23761700;0.16876740
-37.96975856;2.23761700;0.08026368
-37.94927856;2.23761700;0.16876740
-37.92879856;2.23761700;0.08026368
-37.90831856;2.23761700;0.16876740
-37.88783856;2.23761700;0.16876740
-37.86735856;2.23761700;0.08026368
-37.84687856;2.32581600;0.08026368
-37.82639856;2.23761700;0.16876740
-37.80591856;2.32581600;0.08026368
-37.78543856;2.32581600;0.16876740
-37.76495856;2.23761700;0.16876740
-37.74447856;2.23761700;0.08026368
-37.72399856;2.32581600;0.16876740
-37.70351856;2.23761700;0.16876740
-37.68303856;2.32581600;0.16876740
-37.66255856;2.23761700;0.16876740
-37.64207856;2.23761700;0.16876740
-37.62159856;2.23761700;0.16876740
-37.60111856;2.32581600;0.16876740
-37.58063856;2.32581600;0.16876740
-37.56015856;2.32581600;0.16876740
-37.53967856;2.32581600;0.16876740
-37.51919856;2.32581600;0.16876740
-37.49871856;2.32581600;0.16876740
-37.47823856;2.23761700;0.08026368
-37.45775856;2.32581600;0.16876740
-37.43727856;2.32581600;0.16876740
-37.41679856;2.32581600;0.16876740
-37.39631856;2.32581600;0.08026368
-37.37583856;2.32581600;0.16876740
-37.35535857;2.32581600;0.08026368
-37.33487857;2.32581600;0.16876740
-37.31439857;2.32581600;0.16876740
-37.29391857;2.32581600;0.16876740
-37.27343857;2.32581600;0.16876740
-37.25295857;2.32581600;0.16876740
-37.23247857;2.32581600;0.16876740
-37.21199857;2.32581600;0.16876740
-37.19151857;2.32581600;0.16876740
-37.17103857;2.32581600;0.16876740
-37.15055857;2.32581600;0.16876740
-37.13007857;2.32581600;0.16876740
-37.10959857;2.32581600;0.16876740
-37.08911857;2.32581600;0.16876740
-37.06863857;2.32581600;0.08026368
-37.04815857;2.32581600;0.16876740
-37.02767857;2.32581600;0.16876740
-37.00719857;2.32581600;0.16876740
-36.98671857;2.32581600;0.16876740
-36.96623857;2.32581600;0.16876740
-36.94575857;2.41401400;0.16876740
-36.92527857;2.32581600;0.16876740
-36.90479857;2.32581600;0.16876740
-36.88431857;2.32581600;0.16876740
-36.86383857;2.41401400;0.16876740
-36.84335857;2.32581600;0.16876740
-36.82287857;2.41401400;0.16876740
-36.80239857;2.41401400;0.16876740
-36.78191857;2.41401400;0.08026368
-36.76143857;2.32581600;0.16876740
-36.74095857;2.32581600;0.16876740
-36.72047857;2.41401400;0.16876740
-36.69999857;2.41401400;0.16876740
-36.67951857;2.41401400;0.16876740
-36.65903857;2.41401400;0.16876740
-36.63855857;2.41401400;0.16876740
-36.61807857;2.41401400;0.16876740
-36.59759857;2.41401400;0.16876740
-36.57711857;2.41401400;0.16876740
-36.55663857;2.41401400;0.16876740
-36.53615857;2.41401400;0.16876740
-36.51567857;2.41401400;0.16876740
-36.49519857;2.41401400;0.16876740
-36.47471857;2.41401400;0.16876740
-36.45423857;2.41401400;0.16876740
-36.43375857;2.41401400;0.16876740
-36.41327857;2.41401400;0.16876740
-36.39279857;2.41401400;0.16876740
-36.37231857;2.41401400;0.16876740
-36.35183857;2.41401400;0.16876740
-36.33135857;2.41401400;0.16876740
-36.31087857;2.41401400;0.16876740
-36.29039857;2.41401400;0.16876740
-36.26991857;2.41401400;0.16876740
-36.24943857;2.41401400;0.16876740
-36.22895857;2.41401400;0.16876740
-36.20847857;2.41401400;0.16876740
-36.18799857;2.41401400;0.16876740
-36.16751857;2.41401400;0.16876740
-36.14703857;2.41401400;0.16876740
-36.12655857;2.41401400;0.16876740
-36.10607857;2.41401400;0.16876740
-36.08559857;2.41401400;0.16876740
-36.06511857;2.41401400;0.16876740
-36.04463857;2.41401400;0.16876740
-36.02415857;2.41401400;0.16876740
-36.00367857;2.41401400;0.16876740
-35.98319857;2.41401400;0.16876740
-35.96271857;2.41401400;0.16876740
-35.94223857;2.41401400;0.16876740
-35.92175857;2.41401400;0.16876740
-35.90127857;2.41401400;0.16876740
-35.88079857;2.41401400;0.16876740
-35.86031857;2.41401400;0.16876740
-35.83983857;2.41401400;0.16876740
-35.81935857;2.50190700;0.16876740
-35.79887857;2.41401400;0.16876740
-35.77839857;2.50190700;0.16876740
-35.75791857;2.41401400;0.16876740
-35.73743857;2.41401400;0.16876740
-35.71695857;2.41401400;0.16876740
-35.69647858;2.41401400;0.16876740
-35.67599858;2.41401400;0.16876740
-35.65551858;2.41401400;0.16876740
-35.63503858;2.50190700;0.16876740
-35.61455858;2.50190700;0.16876740
-35.59407858;2.50190700;0.16876740
-35.57359858;2.41401400;0.16876740
-35.55311858;2.50190700;0.16876740
-35.53263858;2.50190700;0.16876740
-35.51215858;2.50190700;0.16876740
-35.49167858;2.50190700;0.16876740
-35.47119858;2.50190700;0.16876740
-35.45071858;2.41401400;0.16876740
-35.43023858;2.50190700;0.16876740
-35.40975858;2.50190700;0.16876740
-35.38927858;2.50190700;0.16876740
-35.36879858;2.50190700;0.16876740
-35.34831858;2.50190700;0.16876740
-35.32783858;2.50190700;0.16876740
-35.30735858;2.50190700;0.16876740
-35.28687858;2.50190700;0.16876740
-35.26639858;2.50190700;0.16876740
-35.24591858;2.50190700;0.16876740
-35.22543858;2.50190700;0.16876740
-35.20495858;2.59010600;0.16876740
-35.18447858;2.50190700;0.16876740
-35.16399858;2.50190700;0.16876740
-35.14351858;2.50190700;0.16876740
-35.12303858;2.50190700;0.16876740
-35.10255858;2.50190700;0.16876740
-35.08207858;2.59010600;0.16876740
-35.06159858;2.50190700;0.16876740
-35.04111858;2.50190700;0.16876740
-35.02063858;2.50190700;0.16876740
-35.00015858;2.59010600;0.16876740
-34.97967858;2.59010600;0.16876740
-34.95919858;2.59010600;0.16876740
-34.93871858;2.59010600;0.16876740
-34.91823858;2.59010600;0.16876740
-34.89775858;2.59010600;0.16876740
-34.87727858;2.59010600;0.16876740
-34.85679858;2.59010600;0.16876740
-34.83631858;2.59010600;0.16876740
-34.81583858;2.50190700;0.16876740
-34.79535858;2.59010600;0.16876740
-34.77487858;2.59010600;0.16876740
-34.75439858;2.59010600;0.16876740
-34.73391858;2.59010600;0.16876740
-34.71343858;2.59010600;0.16876740
-34.69295858;2.59010600;0.16876740
-34.67247858;2.59010600;0.16876740
-34.65199858;2.59010600;0.16876740
-34.63151858;2.59010600;0.16876740
-34.61103858;2.59010600;0.16876740
-34.59055858;2.59010600;0.16876740
-34.57007858;2.59010600;0.16876740
-34.54959858;2.59010600;0.16876740
-34.52911858;2.59010600;0.16876740
-34.50863858;2.59010600;0.16876740
-34.48815858;2.59010600;0.16876740
-34.46767858;2.59010600;0.16876740
-34.44719858;2.59010600;0.16876740
-34.42671858;2.59010600;0.16876740
-34.40623858;2.67830400;0.16876740
-34.38575858;2.67830400;0.25727100
-34.36527858;2.59010600;0.16876740
-34.34479858;2.59010600;0.16876740
-34.32431858;2.67830400;0.16876740
-34.30383858;2.59010600;0.16876740
-34.28335858;2.67830400;0.16876740
-34.26287858;2.59010600;0.16876740
-34.24239858;2.59010600;0.16876740
-34.22191858;2.67830400;0.16876740
-34.20143858;2.67830400;0.16876740
-34.18095858;2.59010600;0.25727100
-34.16047858;2.59010600;0.25727100
-34.13999858;2.59010600;0.25727100
-34.11951858;2.67830400;0.25727100
-34.09903858;2.67830400;0.25727100
-34.07855858;2.67830400;0.25727100
-34.05807859;2.67830400;0.25727100
-34.03759859;2.67830400;0.25727100
-34.01711859;2.67830400;0.25727100
-33.99663859;2.67830400;0.25727100
-33.97615859;2.67830400;0.25727100
-33.95567859;2.67830400;0.25727100
-33.93519859;2.67830400;0.25727100
-33.91471859;2.67830400;0.25727100
-33.89423859;2.67830400;0.25727100
-33.87375859;2.67830400;0.25727100
-33.85327859;2.67830400;0.34607990
-33.83279859;2.67830400;0.25727100
-33.81231859;2.67830400;0.34607990
-33.79183859;2.67830400;0.25727100
-33.77135859;2.67830400;0.34607990
-33.75087859;2.67830400;0.25727100
-33.73039859;2.67830400;0.34607990
-33.70991859;2.67830400;0.34607990
-33.68943859;2.67830400;0.34607990
-33.66895859;2.67830400;0.34607990
-33.64847859;2.67830400;0.34607990
-33.62799859;2.67830400;0.34607990
-33.60751859;2.67830400;0.34607990
-33.58703859;2.67830400;0.34607990
-33.56655859;2.67830400;0.34607990
-33.54607859;2.67830400;0.34607990
-33.52559859;2.67830400;0.34607990
-33.50511859;2.67830400;0.34607990
-33.48463859;2.67830400;0.34607990
-33.46415859;2.67830400;0.34607990
-33.44367859;2.67830400;0.34607990
-33.42319859;2.67830400;0.34607990
-33.40271859;2.67830400;0.34607990
-33.38223859;2.67830400;0.34607990
-33.36175859;2.67830400;0.34607990
-33.34127859;2.67830400;0.34607990
-33.32079859;2.67830400;0.34607990
-33.30031859;2.67830400;0.34607990
-33.27983859;2.76650300;0.34607990
-33.25935859;2.67830400;0.34607990
-33.23887859;2.76650300;0.34607990
-33.21839859;2.67830400;0.34607990
-33.19791859;2.76650300;0.34607990
-33.17743859;2.76650300;0.34607990
-33.15695859;2.76650300;0.34607990
-33.13647859;2.76650300;0.34607990
-33.11599859;2.67830400;0.34607990
-33.09551859;2.76650300;0.34607990
-33.07503859;2.67830400;0.34607990
-33.05455859;2.76650300;0.34607990
-33.03407859;2.76650300;0.34607990
-33.01359859;2.76650300;0.34607990
-32.99311859;2.76650300;0.34607990
-32.97263859;2.76650300;0.34607990
-32.95215859;2.76650300;0.34607990
-32.93167859;2.76650300;0.34607990
-32.91119859;2.76650300;0.34607990
-32.89071859;2.76650300;0.34607990
-32.87023859;2.76650300;0.34607990
-32.84975859;2.76650300;0.34607990
-32.82927859;2.76650300;0.43488880
-32.80879859;2.76650300;0.34607990
-32.78831859;2.76650300;0.34607990
-32.76783859;2.76650300;0.43488880
-32.74735859;2.76650300;0.34607990
-32.72687859;2.76650300;0.34607990
-32.70639859;2.76650300;0.34607990
-32.68591859;2.76650300;0.34607990
-32.66543859;2.76650300;0.34607990
-32.64495859;2.76650300;0.34607990
-32.62447859;2.76650300;0.43488880
-32.60399859;2.76650300;0.34607990
-32.58351859;2.76650300;0.34607990
-32.56303859;2.76650300;0.34607990
-32.54255859;2.76650300;0.34607990
-32.52207859;2.76650300;0.43488880
-32.50159859;2.76650300;0.34607990
-32.48111859;2.76650300;0.34607990
-32.46063859;2.76650300;0.34607990
-32.44015859;2.76650300;0.43488880
-32.41967860;2.76650300;0.34607990
-32.39919860;2.76650300;0.34607990
-32.37871860;2.76650300;0.34607990
-32.35823860;2.76650300;0.43488880
-32.33775860;2.76650300;0.34607990
-32.31727860;2.76650300;0.34607990
-32.29679860;2.76650300;0.34607990
-32.27631860;2.76650300;0.34607990
-32.25583860;2.76650300;0.34607990
-32.23535860;2.76650300;0.34607990
-32.21487860;2.76650300;0.34607990
-32.19439860;2.76650300;0.34607990
-32.17391860;2.76650300;0.34607990
-32.15343860;2.85470100;0.34607990
-32.13295860;2.76650300;0.34607990
-32.11247860;2.76650300;0.34607990
-32.09199860;2.85470100;0.34607990
-32.07151860;2.76650300;0.34607990
-32.05103860;2.76650300;0.34607990
-32.03055860;2.76650300;0.34607990
-32.01007860;2.76650300;0.34607990
-31.98959860;2.85470100;0.34607990
-31.96911860;2.76650300;0.34607990
-31.94863860;2.76650300;0.34607990
-31.92815860;2.76650300;0.34607990
-31.90767860;2.85470100;0.34607990
-31.88719860;2.85470100;0.34607990
-31.86671860;2.85470100;0.34607990
-31.84623860;2.76650300;0.34607990
-31.82575860;2.85470100;0.34607990
-31.80527860;2.85470100;0.34607990
-31.78479860;2.85470100;0.34607990
-31.76431860;2.85470100;0.34607990
-31.74383860;2.76650300;0.34607990
-31.72335860;2.85470100;0.34607990
-31.70287860;2.85470100;0.25727100
-31.68239860;2.85470100;0.34607990
-31.66191860;2.85470100;0.34607990
-31.64143860;2.85470100;0.34607990
-31.62095860;2.85470100;0.34607990
-31.60047860;2.94290000;0.34607990
-31.57999860;2.85470100;0.34607990
-31.55951860;2.85470100;0.34607990
-31.53903860;2.85470100;0.34607990
-31.51855860;2.85470100;0.34607990
-31.49807860;2.85470100;0.25727100
-31.47759860;2.85470100;0.34607990
-31.45711860;2.85470100;0.34607990
-31.43663860;2.94290000;0.34607990
-31.41615860;2.85470100;0.25727100
-31.39567860;2.85470100;0.34607990
-31.37519860;2.94290000;0.34607990
-31.35471860;2.85470100;0.25727100
-31.33423860;2.85470100;0.25727100
-31.31375860;2.94290000;0.34607990
-31.29327860;2.85470100;0.34607990
-31.27279860;2.94290000;0.34607990
-31.25231860;2.94290000;0.34607990
-31.23183860;2.85470100;0.25727100
-31.21135860;2.94290000;0.25727100
-31.19087860;2.94290000;0.34607990
-31.17039860;2.94290000;0.25727100
-31.14991860;2.94290000;0.25727100
-31.12943860;2.94290000;0.25727100
-31.10895860;2.94290000;0.25727100
-31.08847860;2.94290000;0.25727100
-31.06799860;2.94290000;0.25727100
-31.04751860;2.94290000;0.25727100
-31.02703860;2.94290000;0.25727100
-31.00655860;2.94290000;0.25727100
-30.98607860;2.94290000;0.25727100
-30.96559860;2.94290000;0.25727100
-30.94511860;2.94290000;0.25727100
-30.92463860;2.94290000;0.16876740
-30.90415860;2.94290000;0.25727100
-30.88367860;2.85470100;0.25727100
-30.86319860;2.94290000;0.25727100
-30.84271860;2.94290000;0.16876740
-30.82223860;2.94290000;0.25727100
-30.80175860;2.94290000;0.25727100
-30.78127860;2.94290000;0.25727100
-30.76079861;2.94290000;0.25727100
-30.74031861;2.94290000;0.16876740
-30.71983861;2.94290000;0.25727100
-30.69935861;2.94290000;0.25727100
-30.67887861;2.94290000;0.16876740
-30.65839861;3.03109800;0.25727100
-30.63791861;2.94290000;0.25727100
-30.61743861;3.03109800;0.25727100
-30.59695861;2.94290000;0.25727100
-30.57647861;3.03109800;0.25727100
-30.55599861;2.94290000;0.25727100
-30.53551861;3.03109800;0.25727100
-30.51503861;2.94290000;0.25727100
-30.49455861;3.03109800;0.25727100
-30.47407861;3.03109800;0.16876740
-30.45359861;3.03109800;0.25727100
-30.43311861;2.94290000;0.25727100
-30.41263861;3.03109800;0.25727100
-30.39215861;3.03109800;0.25727100
-30.37167861;3.03109800;0.25727100
-30.35119861;2.94290000;0.25727100
-30.33071861;2.94290000;0.25727100
-30.31023861;3.03109800;0.25727100
-30.28975861;3.03109800;0.25727100
-30.26927861;3.03109800;0.34607990
-30.24879861;3.03109800;0.25727100
-30.22831861;3.03109800;0.25727100
-30.20783861;3.03109800;0.25727100
-30.18735861;3.03109800;0.25727100
-30.16687861;3.03109800;0.25727100
-30.14639861;3.03109800;0.25727100
-30.12591861;3.03109800;0.25727100
-30.10543861;3.03109800;0.25727100
-30.08495861;3.03109800;0.25727100
-30.06447861;3.03109800;0.25727100
-30.04399861;3.03109800;0.25727100
-30.02351861;3.03109800;0.25727100
-30.00303861;3.03109800;0.25727100
-29.98255861;3.03109800;0.25727100
-29.96207861;3.03109800;0.25727100
-29.94159861;3.03109800;0.34607990
-29.92111861;3.03109800;0.25727100
-29.90063861;3.03109800;0.25727100
-29.88015861;3.03109800;0.25727100
-29.85967861;3.03109800;0.25727100
-29.83919861;3.03109800;0.25727100
-29.81871861;3.03109800;0.25727100
-29.79823861;3.03109800;0.34607990
-29.77775861;3.03109800;0.25727100
-29.75727861;3.03109800;0.25727100
-29.73679861;3.03109800;0.25727100
-29.71631861;3.11929700;0.25727100
-29.69583861;3.03109800;0.25727100
-29.67535861;3.03109800;0.25727100
-29.65487861;3.03109800;0.25727100
-29.63439861;3.11929700;0.25727100
-29.61391861;3.11929700;0.34607990
-29.59343861;3.11929700;0.34607990
-29.57295861;3.11929700;0.34607990
-29.55247861;3.11929700;0.25727100
-29.53199861;3.11929700;0.25727100
-29.51151861;3.11929700;0.25727100
-29.49103861;3.11929700;0.34607990
-29.47055861;3.11929700;0.34607990
-29.45007861;3.11929700;0.34607990
-29.42959861;3.11929700;0.34607990
-29.40911861;3.11929700;0.34607990
-29.38863861;3.11929700;0.34607990
-29.36815861;3.11929700;0.34607990
-29.34767861;3.11929700;0.34607990
-29.32719861;3.11929700;0.34607990
-29.30671861;3.11929700;0.34607990
-29.28623861;3.11929700;0.34607990
-29.26575861;3.11929700;0.34607990
-29.24527861;3.11929700;0.34607990
-29.22479861;3.11929700;0.43488880
-29.20431861;3.11929700;0.34607990
-29.18383861;3.11929700;0.43488880
-29.16335861;3.11929700;0.43488880
-29.14287861;3.11929700;0.34607990
-29.12239862;3.11929700;0.34607990
-29.10191862;3.11929700;0.43488880
-29.08143862;3.11929700;0.43488880
-29.06095862;3.11929700;0.43488880
-29.04047862;3.11929700;0.43488880
-29.01999862;3.11929700;0.43488880
-28.99951862;3.11929700;0.52339240
-28.97903862;3.11929700;0.43488880
-28.95855862;3.11929700;0.52339240
-28.93807862;3.11929700;0.43488880
-28.91759862;3.11929700;0.52339240
-28.89711862;3.11929700;0.52339240
-28.87663862;3.11929700;0.52339240
-28.85615862;3.11929700;0.52339240
-28.83567862;3.11929700;0.52339240
-28.81519862;3.11929700;0.52339240
-28.79471862;3.11929700;0.52339240
-28.77423862;3.11929700;0.52339240
-28.75375862;3.11929700;0.52339240
-28.73327862;3.11929700;0.52339240
-28.71279862;3.11929700;0.52339240
-28.69231862;3.11929700;0.52339240
-28.67183862;3.11929700;0.52339240
-28.65135862;3.11929700;0.52339240
-28.63087862;3.11929700;0.52339240
-28.61039862;3.11929700;0.61220130
-28.58991862;3.11929700;0.61220130
-28.56943862;3.11929700;0.61220130
-28.54895862;3.11929700;0.70101020
-28.52847862;3.11929700;0.70101020
-28.50799862;3.20719000;0.70101020
-28.48751862;3.11929700;0.70101020
-28.46703862;3.20719000;0.70101020
-28.44655862;3.20719000;0.61220130
-28.42607862;3.11929700;0.61220130
-28.40559862;3.11929700;0.70101020
-28.38511862;3.11929700;0.70101020
-28.36463862;3.11929700;0.70101020
-28.34415862;3.20719000;0.70101020
-28.32367862;3.11929700;0.70101020
-28.30319862;3.11929700;0.70101020
-28.28271862;3.11929700;0.70101020
-28.26223862;3.11929700;0.70101020
-28.24175862;3.11929700;0.70101020
-28.22127862;3.20719000;0.70101020
-28.20079862;3.20719000;0.70101020
-28.18031862;3.20719000;0.78951380
-28.15983862;3.20719000;0.70101020
-28.13935862;3.20719000;0.70101020
-28.11887862;3.20719000;0.70101020
-28.09839862;3.20719000;0.70101020
-28.07791862;3.20719000;0.70101020
-28.05743862;3.20719000;0.70101020
-28.03695862;3.20719000;0.70101020
-28.01647862;3.20719000;0.70101020
-27.99599862;3.20719000;0.70101020
-27.97551862;3.20719000;0.70101020
-27.95503862;3.29538900;0.70101020
-27.93455862;3.20719000;0.70101020
-27.91407862;3.20719000;0.70101020
-27.89359862;3.20719000;0.70101020
-27.87311862;3.20719000;0.70101020
-27.85263862;3.20719000;0.78951380
-27.83215862;3.20719000;0.78951380
-27.81167862;3.20719000;0.70101020
-27.79119862;3.29538900;0.70101020
-27.77071862;3.20719000;0.78951380
-27.75023862;3.29538900;0.70101020
-27.72975862;3.20719000;0.70101020
-27.70927862;3.29538900;0.70101020
-27.68879862;3.29538900;0.78951380
-27.66831862;3.29538900;0.70101020
-27.64783862;3.20719000;0.70101020
-27.62735862;3.20719000;0.70101020
-27.60687862;3.29538900;0.70101020
-27.58639862;3.29538900;0.70101020
-27.56591862;3.20719000;0.70101020
-27.54543862;3.29538900;0.70101020
-27.52495862;3.29538900;0.70101020
-27.50447862;3.29538900;0.70101020
-27.48399863;3.29538900;0.70101020
-27.46351863;3.29538900;0.70101020
-27.44303863;3.29538900;0.70101020
-27.42255863;3.29538900;0.70101020
-27.40207863;3.29538900;0.70101020
-27.38159863;3.29538900;0.70101020
-27.36111863;3.29538900;0.70101020
-27.34063863;3.29538900;0.70101020
-27.32015863;3.29538900;0.70101020
-27.29967863;3.20719000;0.70101020
-27.27919863;3.29538900;0.70101020
-27.25871863;3.29538900;0.70101020
-27.23823863;3.29538900;0.70101020
-27.21775863;3.29538900;0.70101020
-27.19727863;3.29538900;0.70101020
-27.17679863;3.29538900;0.70101020
-27.15631863;3.29538900;0.70101020
-27.13583863;3.29538900;0.70101020
-27.11535863;3.29538900;0.70101020
-27.09487863;3.29538900;0.61220130
-27.07439863;3.29538900;0.70101020
-27.05391863;3.29538900;0.70101020
-27.03343863;3.29538900;0.70101020
-27.01295863;3.29538900;0.70101020
-26.99247863;3.29538900;0.70101020
-26.97199863;3.29538900;0.61220130
-26.95151863;3.29538900;0.61220130
-26.93103863;3.29538900;0.61220130
-26.91055863;3.38358700;0.70101020
-26.89007863;3.29538900;0.61220130
-26.86959863;3.29538900;0.61220130
-26.84911863;3.29538900;0.61220130
-26.82863863;3.38358700;0.61220130
-26.80815863;3.29538900;0.61220130
-26.78767863;3.29538900;0.61220130
-26.76719863;3.29538900;0.52339240
-26.74671863;3.29538900;0.61220130
-26.72623863;3.38358700;0.61220130
-26.70575863;3.29538900;0.52339240
-26.68527863;3.38358700;0.52339240
-26.66479863;3.38358700;0.52339240
-26.64431863;3.38358700;0.52339240
-26.62383863;3.29538900;0.52339240
-26.60335863;3.38358700;0.52339240
-26.58287863;3.29538900;0.52339240
-26.56239863;3.38358700;0.52339240
-26.54191863;3.38358700;0.52339240
-26.52143863;3.38358700;0.52339240
-26.50095863;3.38358700;0.52339240
-26.48047863;3.38358700;0.52339240
-26.45999863;3.38358700;0.52339240
-26.43951863;3.38358700;0.52339240
-26.41903863;3.38358700;0.52339240
-26.39855863;3.38358700;0.52339240
-26.37807863;3.38358700;0.52339240
-26.35759863;3.38358700;0.52339240
-26.33711863;3.38358700;0.52339240
-26.31663863;3.38358700;0.52339240
-26.29615863;3.38358700;0.52339240
-26.27567863;3.38358700;0.52339240
-26.25519863;3.38358700;0.52339240
-26.23471863;3.38358700;0.52339240
-26.21423863;3.38358700;0.52339240
-26.19375863;3.38358700;0.43488880
-26.17327863;3.38358700;0.52339240
-26.15279863;3.38358700;0.52339240
-26.13231863;3.38358700;0.52339240
-26.11183863;3.38358700;0.52339240
-26.09135863;3.38358700;0.52339240
-26.07087863;3.38358700;0.52339240
-26.05039863;3.38358700;0.52339240
-26.02991863;3.38358700;0.43488880
-26.00943863;3.38358700;0.52339240
-25.98895863;3.47178600;0.52339240
-25.96847863;3.38358700;0.43488880
-25.94799863;3.38358700;0.52339240
-25.92751863;3.38358700;0.43488880
-25.90703863;3.47178600;0.52339240
-25.88655863;3.47178600;0.43488880
-25.86607863;3.47178600;0.52339240
-25.84559863;3.38358700;0.43488880
-25.82511864;3.38358700;0.43488880
-25.80463864;3.47178600;0.52339240
-25.78415864;3.38358700;0.52339240
-25.76367864;3.47178600;0.43488880
-25.74319864;3.47178600;0.43488880
-25.72271864;3.47178600;0.43488880
-25.70223864;3.47178600;0.43488880
-25.68175864;3.47178600;0.43488880
-25.66127864;3.47178600;0.43488880
-25.64079864;3.47178600;0.43488880
-25.62031864;3.47178600;0.43488880
-25.59983864;3.47178600;0.43488880
-25.57935864;3.47178600;0.43488880
-25.55887864;3.38358700;0.43488880
-25.53839864;3.38358700;0.43488880
-25.51791864;3.47178600;0.43488880
-25.49743864;3.47178600;0.52339240
-25.47695864;3.47178600;0.43488880
-25.45647864;3.47178600;0.43488880
-25.43599864;3.47178600;0.43488880
-25.41551864;3.47178600;0.43488880
-25.39503864;3.47178600;0.43488880
-25.37455864;3.47178600;0.43488880
-25.35407864;3.47178600;0.43488880
-25.33359864;3.47178600;0.43488880
-25.31311864;3.47178600;0.43488880
-25.29263864;3.47178600;0.43488880
-25.27215864;3.47178600;0.43488880
-25.25167864;3.47178600;0.43488880
-25.23119864;3.47178600;0.43488880
-25.21071864;3.47178600;0.43488880
-25.19023864;3.47178600;0.43488880
-25.16975864;3.47178600;0.43488880
-25.14927864;3.47178600;0.52339240
-25.12879864;3.47178600;0.52339240
-25.10831864;3.47178600;0.52339240
-25.08783864;3.47178600;0.52339240
-25.06735864;3.47178600;0.43488880
-25.04687864;3.47178600;0.52339240
-25.02639864;3.47178600;0.43488880
-25.00591864;3.47178600;0.52339240
-24.98543864;3.47178600;0.52339240
-24.96495864;3.47178600;0.52339240
-24.94447864;3.47178600;0.52339240
-24.92399864;3.47178600;0.52339240
-24.90351864;3.47178600;0.52339240
-24.88303864;3.47178600;0.52339240
-24.86255864;3.47178600;0.52339240
-24.84207864;3.47178600;0.52339240
-24.82159864;3.47178600;0.52339240
-24.80111864;3.47178600;0.52339240
-24.78063864;3.47178600;0.52339240
-24.76015864;3.47178600;0.52339240
-24.73967864;3.47178600;0.52339240
-24.71919864;3.47178600;0.52339240
-24.69871864;3.55998400;0.52339240
-24.67823864;3.47178600;0.52339240
-24.65775864;3.47178600;0.52339240
-24.63727864;3.47178600;0.52339240
-24.61679864;3.47178600;0.52339240
-24.59631864;3.55998400;0.52339240
-24.57583864;3.55998400;0.52339240
-24.55535864;3.47178600;0.52339240
-24.53487864;3.47178600;0.52339240
-24.51439864;3.55998400;0.52339240
-24.49391864;3.55998400;0.61220130
-24.47343864;3.55998400;0.61220130
-24.45295864;3.55998400;0.61220130
-24.43247864;3.47178600;0.61220130
-24.41199864;3.55998400;0.61220130
-24.39151864;3.55998400;0.61220130
-24.37103864;3.47178600;0.61220130
-24.35055864;3.55998400;0.61220130
-24.33007864;3.55998400;0.70101020
-24.30959864;3.55998400;0.70101020
-24.28911864;3.55998400;0.70101020
-24.26863864;3.55998400;0.70101020
-24.24815864;3.55998400;0.70101020
-24.22767864;3.55998400;0.70101020
-24.20719864;3.55998400;0.70101020
-24.18671865;3.55998400;0.70101020
-24.16623865;3.64818300;0.78951380
-24.14575865;3.55998400;0.78951380
-24.12527865;3.55998400;0.78951380
-24.10479865;3.55998400;0.78951380
-24.08431865;3.55998400;0.78951380
-24.06383865;3.55998400;0.78951380
-24.04335865;3.55998400;0.78951380
-24.02287865;3.55998400;0.78951380
-24.00239865;3.55998400;0.87832270
-23.98191865;3.64818300;0.87832270
-23.96143865;3.55998400;0.87832270
-23.94095865;3.64818300;0.87832270
-23.92047865;3.55998400;0.87832270
-23.89999865;3.64818300;0.87832270
-23.87951865;3.64818300;0.87832270
-23.85903865;3.64818300;0.96713160
-23.83855865;3.64818300;0.96713160
-23.81807865;3.64818300;0.96713160
-23.79759865;3.64818300;1.05563500
-23.77711865;3.64818300;1.05563500
-23.75663865;3.64818300;1.05563500
-23.73615865;3.64818300;1.05563500
-23.71567865;3.64818300;1.05563500
-23.69519865;3.64818300;1.14444400
-23.67471865;3.64818300;1.05563500
-23.65423865;3.64818300;1.14444400
-23.63375865;3.64818300;1.14444400
-23.61327865;3.64818300;1.14444400
-23.59279865;3.64818300;1.14444400
-23.57231865;3.64818300;1.23325300
-23.55183865;3.64818300;1.23325300
-23.53135865;3.64818300;1.23325300
-23.51087865;3.64818300;1.23325300
-23.49039865;3.64818300;1.23325300
-23.46991865;3.64818300;1.23325300
-23.44943865;3.64818300;1.32175700
-23.42895865;3.64818300;1.23325300
-23.40847865;3.64818300;1.32175700
-23.38799865;3.64818300;1.23325300
-23.36751865;3.64818300;1.32175700
-23.34703865;3.64818300;1.32175700
-23.32655865;3.64818300;1.32175700
-23.30607865;3.64818300;1.41056500
-23.28559865;3.64818300;1.41056500
-23.26511865;3.64818300;1.41056500
-23.24463865;3.64818300;1.41056500
-23.22415865;3.64818300;1.41056500
-23.20367865;3.64818300;1.41056500
-23.18319865;3.64818300;1.41056500
-23.16271865;3.64818300;1.41056500
-23.14223865;3.64818300;1.41056500
-23.12175865;3.73638100;1.41056500
-23.10127865;3.64818300;1.41056500
-23.08079865;3.64818300;1.49937400
-23.06031865;3.73638100;1.41056500
-23.03983865;3.64818300;1.49937400
-23.01935865;3.64818300;1.49937400
-22.99887865;3.64818300;1.49937400
-22.97839865;3.64818300;1.49937400
-22.95791865;3.73638100;1.49937400
-22.93743865;3.64818300;1.49937400
-22.91695865;3.64818300;1.49937400
-22.89647865;3.64818300;1.49937400
-22.87599865;3.64818300;1.49937400
-22.85551865;3.73638100;1.49937400
-22.83503865;3.73638100;1.49937400
-22.81455865;3.73638100;1.49937400
-22.79407865;3.73638100;1.49937400
-22.77359865;3.73638100;1.49937400
-22.75311865;3.73638100;1.49937400
-22.73263865;3.73638100;1.49937400
-22.71215865;3.73638100;1.49937400
-22.69167865;3.73638100;1.49937400
-22.67119865;3.73638100;1.49937400
-22.65071865;3.73638100;1.49937400
-22.63023865;3.73638100;1.49937400
-22.60975865;3.73638100;1.49937400
-22.58927865;3.73638100;1.49937400
-22.56879865;3.73638100;1.49937400
-22.54831866;3.73638100;1.49937400
-22.52783866;3.73638100;1.49937400
-22.50735866;3.73638100;1.49937400
-22.48687866;3.73638100;1.49937400
-22.46639866;3.73638100;1.49937400
-22.44591866;3.73638100;1.49937400
-22.42543866;3.73638100;1.49937400
-22.40495866;3.73638100;1.41056500
-22.38447866;3.73638100;1.49937400
-22.36399866;3.73638100;1.49937400
-22.34351866;3.73638100;1.41056500
-22.32303866;3.73638100;1.41056500
-22.30255866;3.73638100;1.49937400
-22.28207866;3.73638100;1.41056500
-22.26159866;3.73638100;1.41056500
-22.24111866;3.73638100;1.41056500
-22.22063866;3.73638100;1.41056500
-22.20015866;3.73638100;1.41056500
-22.17967866;3.73638100;1.41056500
-22.15919866;3.73638100;1.41056500
-22.13871866;3.73638100;1.41056500
-22.11823866;3.73638100;1.41056500
-22.09775866;3.82458000;1.41056500
-22.07727866;3.73638100;1.41056500
-22.05679866;3.73638100;1.41056500
-22.03631866;3.73638100;1.41056500
-22.01583866;3.82458000;1.41056500
-21.99535866;3.82458000;1.41056500
-21.97487866;3.73638100;1.32175700
-21.95439866;3.82458000;1.32175700
-21.93391866;3.82458000;1.41056500
-21.91343866;3.82458000;1.32175700
-21.89295866;3.82458000;1.32175700
-21.87247866;3.82458000;1.32175700
-21.85199866;3.82458000;1.32175700
-21.83151866;3.82458000;1.32175700
-21.81103866;3.82458000;1.32175700
-21.79055866;3.82458000;1.32175700
-21.77007866;3.82458000;1.23325300
-21.74959866;3.82458000;1.32175700
-21.72911866;3.82458000;1.23325300
-21.70863866;3.82458000;1.23325300
-21.68815866;3.82458000;1.23325300
-21.66767866;3.82458000;1.23325300
-21.64719866;3.82458000;1.23325300
-21.62671866;3.82458000;1.23325300
-21.60623866;3.82458000;1.23325300
-21.58575866;3.82458000;1.23325300
-21.56527866;3.82458000;1.23325300
-21.54479866;3.82458000;1.23325300
-21.52431866;3.82458000;1.23325300
-21.50383866;3.82458000;1.23325300
-21.48335866;3.82458000;1.14444400
-21.46287866;3.82458000;1.23325300
-21.44239866;3.82458000;1.14444400
-21.42191866;3.82458000;1.23325300
-21.40143866;3.82458000;1.23325300
-21.38095866;3.82458000;1.14444400
-21.36047866;3.82458000;1.14444400
-21.33999866;3.82458000;1.14444400
-21.31951866;3.82458000;1.14444400
-21.29903866;3.82458000;1.14444400
-21.27855866;3.82458000;1.14444400
-21.25807866;3.82458000;1.14444400
-21.23759866;3.82458000;1.14444400
-21.21711866;3.82458000;1.14444400
-21.19663866;3.82458000;1.05563500
-21.17615866;3.82458000;1.14444400
-21.15567866;3.82458000;1.14444400
-21.13519866;3.82458000;1.05563500
-21.11471866;3.82458000;1.05563500
-21.09423866;3.82458000;1.05563500
-21.07375866;3.82458000;1.05563500
-21.05327866;3.82458000;1.05563500
-21.03279866;3.82458000;1.05563500
-21.01231866;3.82458000;1.05563500
-20.99183866;3.82458000;1.05563500
-20.97135866;3.82458000;1.05563500
-20.95087866;3.82458000;1.05563500
-20.93039866;3.82458000;1.05563500
-20.90991866;3.91247300;1.05563500
-20.88943867;3.82458000;1.05563500
-20.86895867;3.82458000;1.05563500
-20.84847867;3.82458000;1.05563500
-20.82799867;3.82458000;1.05563500
-20.80751867;3.91247300;1.05563500
-20.78703867;3.82458000;1.05563500
-20.76655867;3.82458000;1.05563500
-20.74607867;3.91247300;1.05563500
-20.72559867;3.82458000;1.05563500
-20.70511867;3.82458000;0.96713160
-20.68463867;3.91247300;1.05563500
-20.66415867;3.91247300;1.05563500
-20.64367867;4.00067100;0.96713160
-20.62319867;3.82458000;0.96713160
-20.60271867;3.91247300;0.96713160
-20.58223867;3.91247300;1.05563500
-20.56175867;3.91247300;1.05563500
-20.54127867;3.82458000;1.05563500
-20.52079867;3.91247300;1.05563500
-20.50031867;3.91247300;0.96713160
-20.47983867;3.91247300;0.96713160
-20.45935867;4.00067100;1.05563500
-20.43887867;4.00067100;1.05563500
-20.41839867;4.00067100;0.96713160
-20.39791867;3.91247300;0.96713160
-20.37743867;3.91247300;1.05563500
-20.35695867;3.91247300;0.96713160
-20.33647867;4.00067100;1.05563500
-20.31599867;4.00067100;0.96713160
-20.29551867;4.00067100;1.05563500
-20.27503867;4.00067100;0.96713160
-20.25455867;3.91247300;1.05563500
-20.23407867;4.00067100;1.05563500
-20.21359867;4.00067100;0.96713160
-20.19311867;4.00067100;0.96713160
-20.17263867;4.00067100;0.96713160
-20.15215867;4.00067100;1.05563500
-20.13167867;4.00067100;1.05563500
-20.11119867;4.00067100;0.96713160
-20.09071867;4.00067100;0.96713160
-20.07023867;4.00067100;0.96713160
-20.04975867;4.00067100;0.87832270
-20.02927867;4.00067100;0.96713160
-20.00879867;4.00067100;1.05563500
-19.98831867;4.00067100;0.96713160
-19.96783867;4.00067100;0.96713160
-19.94735867;4.00067100;0.96713160
-19.92687867;4.00067100;1.05563500
-19.90639867;4.00067100;1.05563500
-19.88591867;4.00067100;1.05563500
-19.86543867;4.00067100;1.05563500
-19.84495867;4.00067100;1.05563500
-19.82447867;4.00067100;1.05563500
-19.80399867;4.00067100;1.05563500
-19.78351867;4.00067100;1.05563500
-19.76303867;4.00067100;1.05563500
-19.74255867;4.00067100;1.05563500
-19.72207867;4.08887000;1.05563500
-19.70159867;4.00067100;1.05563500
-19.68111867;4.00067100;1.05563500
-19.66063867;4.00067100;1.05563500
-19.64015867;4.00067100;1.05563500
-19.61967867;4.08887000;1.05563500
-19.59919867;4.00067100;1.14444400
-19.57871867;4.00067100;1.14444400
-19.55823867;4.00067100;1.05563500
-19.53775867;4.00067100;1.14444400
-19.51727867;4.08887000;1.14444400
-19.49679867;4.00067100;1.14444400
-19.47631867;4.00067100;1.14444400
-19.45583867;4.00067100;1.14444400
-19.43535867;4.08887000;1.14444400
-19.41487867;4.08887000;1.23325300
-19.39439867;4.08887000;1.23325300
-19.37391867;4.08887000;1.23325300
-19.35343867;4.08887000;1.23325300
-19.33295867;4.08887000;1.23325300
-19.31247867;4.08887000;1.23325300
-19.29199867;4.08887000;1.23325300
-19.27151867;4.00067100;1.23325300
-19.25103868;4.08887000;1.23325300
-19.23055868;4.08887000;1.23325300
-19.21007868;4.08887000;1.23325300
-19.18959868;4.08887000;1.32175700
-19.16911868;4.08887000;1.32175700
-19.14863868;4.08887000;1.41056500
-19.12815868;4.08887000;1.32175700
-19.10767868;4.08887000;1.41056500
-19.08719868;4.08887000;1.41056500
-19.06671868;4.08887000;1.41056500
-19.04623868;4.08887000;1.41056500
-19.02575868;4.08887000;1.41056500
-19.00527868;4.08887000;1.49937400
-18.98479868;4.08887000;1.49937400
-18.96431868;4.08887000;1.49937400
-18.94383868;4.08887000;1.49937400
-18.92335868;4.08887000;1.58818300
-18.90287868;4.08887000;1.58818300
-18.88239868;4.08887000;1.58818300
-18.86191868;4.08887000;1.58818300
-18.84143868;4.17706800;1.58818300
-18.82095868;4.08887000;1.67668700
-18.80047868;4.08887000;1.67668700
-18.77999868;4.08887000;1.67668700
-18.75951868;4.08887000;1.76549600
-18.73903868;4.08887000;1.76549600
-18.71855868;4.08887000;1.76549600
-18.69807868;4.08887000;1.85430500
-18.67759868;4.08887000;1.85430500
-18.65711868;4.17706800;1.85430500
-18.63663868;4.08887000;1.85430500
-18.61615868;4.17706800;1.94280800
-18.59567868;4.08887000;1.94280800
-18.57519868;4.08887000;1.94280800
-18.55471868;4.08887000;1.94280800
-18.53423868;4.17706800;1.94280800
-18.51375868;4.17706800;2.03161700
-18.49327868;4.08887000;2.03161700
-18.47279868;4.08887000;2.12042600
-18.45231868;4.17706800;2.12042600
-18.43183868;4.17706800;2.12042600
-18.41135868;4.17706800;2.12042600
-18.39087868;4.17706800;2.12042600
-18.37039868;4.17706800;2.20893000
-18.34991868;4.08887000;2.20893000
-18.32943868;4.17706800;2.29773900
-18.30895868;4.17706800;2.29773900
-18.28847868;4.17706800;2.29773900
-18.26799868;4.17706800;2.29773900
-18.24751868;4.08887000;2.29773900
-18.22703868;4.17706800;2.29773900
-18.20655868;4.17706800;2.29773900
-18.18607868;4.17706800;2.38654700
-18.16559868;4.17706800;2.38654700
-18.14511868;4.17706800;2.38654700
-18.12463868;4.17706800;2.47505100
-18.10415868;4.17706800;2.47505100
-18.08367868;4.17706800;2.47505100
-18.06319868;4.17706800;2.47505100
-18.04271868;4.17706800;2.47505100
-18.02223868;4.17706800;2.47505100
-18.00175868;4.17706800;2.47505100
-17.98127868;4.17706800;2.56386000
-17.96079868;4.17706800;2.47505100
-17.94031868;4.17706800;2.56386000
-17.91983868;4.17706800;2.56386000
-17.89935868;4.17706800;2.56386000
-17.87887868;4.17706800;2.56386000
-17.85839868;4.17706800;2.56386000
-17.83791868;4.17706800;2.56386000
-17.81743868;4.17706800;2.65266900
-17.79695868;4.17706800;2.56386000
-17.77647868;4.17706800;2.56386000
-17.75599868;4.17706800;2.65266900
-17.73551868;4.17706800;2.56386000
-17.71503868;4.17706800;2.65266900
-17.69455868;4.17706800;2.56386000
-17.67407868;4.17706800;2.65266900
-17.65359868;4.17706800;2.65266900
-17.63311868;4.17706800;2.65266900
-17.61263869;4.17706800;2.65266900
-17.59215869;4.17706800;2.65266900
-17.57167869;4.17706800;2.65266900
-17.55119869;4.17706800;2.65266900
-17.53071869;4.17706800;2.65266900
-17.51023869;4.17706800;2.65266900
-17.48975869;4.17706800;2.65266900
-17.46927869;4.17706800;2.65266900
-17.44879869;4.17706800;2.65266900
-17.42831869;4.17706800;2.65266900
-17.40783869;4.26526700;2.65266900
-17.38735869;4.17706800;2.56386000
-17.36687869;4.17706800;2.65266900
-17.34639869;4.17706800;2.65266900
-17.32591869;4.26526700;2.56386000
-17.30543869;4.26526700;2.65266900
-17.28495869;4.17706800;2.56386000
-17.26447869;4.17706800;2.65266900
-17.24399869;4.26526700;2.56386000
-17.22351869;4.17706800;2.56386000
-17.20303869;4.26526700;2.56386000
-17.18255869;4.26526700;2.56386000
-17.16207869;4.17706800;2.56386000
-17.14159869;4.17706800;2.56386000
-17.12111869;4.26526700;2.56386000
-17.10063869;4.26526700;2.47505100
-17.08015869;4.26526700;2.47505100
-17.05967869;4.26526700;2.47505100
-17.03919869;4.26526700;2.47505100
-17.01871869;4.26526700;2.47505100
-16.99823869;4.26526700;2.47505100
-16.97775869;4.17706800;2.47505100
-16.95727869;4.26526700;2.47505100
-16.93679869;4.26526700;2.47505100
-16.91631869;4.26526700;2.47505100
-16.89583869;4.26526700;2.38654700
-16.87535869;4.26526700;2.38654700
-16.85487869;4.26526700;2.47505100
-16.83439869;4.26526700;2.38654700
-16.81391869;4.26526700;2.38654700
-16.79343869;4.35346600;2.29773900
-16.77295869;4.35346600;2.29773900
-16.75247869;4.26526700;2.29773900
-16.73199869;4.35346600;2.29773900
-16.71151869;4.35346600;2.29773900
-16.69103869;4.26526700;2.29773900
-16.67055869;4.26526700;2.29773900
-16.65007869;4.35346600;2.29773900
-16.62959869;4.35346600;2.29773900
-16.60911869;4.35346600;2.29773900
-16.58863869;4.35346600;2.29773900
-16.56815869;4.35346600;2.29773900
-16.54767869;4.35346600;2.20893000
-16.52719869;4.35346600;2.20893000
-16.50671869;4.35346600;2.20893000
-16.48623869;4.35346600;2.20893000
-16.46575869;4.35346600;2.20893000
-16.44527869;4.35346600;2.20893000
-16.42479869;4.35346600;2.20893000
-16.40431869;4.35346600;2.20893000
-16.38383869;4.35346600;2.12042600
-16.36335869;4.35346600;2.12042600
-16.34287869;4.35346600;2.12042600
-16.32239869;4.35346600;2.12042600
-16.30191869;4.35346600;2.12042600
-16.28143869;4.35346600;2.12042600
-16.26095869;4.35346600;2.03161700
-16.24047869;4.35346600;2.03161700
-16.21999869;4.35346600;2.03161700
-16.19951869;4.35346600;2.03161700
-16.17903869;4.35346600;2.03161700
-16.15855869;4.35346600;1.94280800
-16.13807869;4.35346600;1.94280800
-16.11759869;4.35346600;1.94280800
-16.09711869;4.35346600;1.94280800
-16.07663869;4.35346600;1.94280800
-16.05615869;4.35346600;1.94280800
-16.03567869;4.35346600;1.94280800
-16.01519869;4.44166400;1.94280800
-15.99471869;4.35346600;1.94280800
-15.97423869;4.35346600;1.94280800
-15.95375870;4.44166400;1.94280800
-15.93327870;4.35346600;1.85430500
-15.91279870;4.35346600;1.85430500
-15.89231870;4.35346600;1.85430500
-15.87183870;4.35346600;1.85430500
-15.85135870;4.35346600;1.85430500
-15.83087870;4.35346600;1.85430500
-15.81039870;4.35346600;1.85430500
-15.78991870;4.44166400;1.85430500
-15.76943870;4.44166400;1.85430500
-15.74895870;4.35346600;1.76549600
-15.72847870;4.44166400;1.76549600
-15.70799870;4.44166400;1.76549600
-15.68751870;4.44166400;1.76549600
-15.66703870;4.35346600;1.76549600
-15.64655870;4.44166400;1.76549600
-15.62607870;4.44166400;1.76549600
-15.60559870;4.35346600;1.76549600
-15.58511870;4.44166400;1.76549600
-15.56463870;4.44166400;1.76549600
-15.54415870;4.44166400;1.76549600
-15.52367870;4.44166400;1.76549600
-15.50319870;4.44166400;1.76549600
-15.48271870;4.44166400;1.76549600
-15.46223870;4.44166400;1.76549600
-15.44175870;4.44166400;1.67668700
-15.42127870;4.44166400;1.76549600
-15.40079870;4.44166400;1.76549600
-15.38031870;4.44166400;1.67668700
-15.35983870;4.44166400;1.76549600
-15.33935870;4.44166400;1.76549600
-15.31887870;4.44166400;1.67668700
-15.29839870;4.44166400;1.76549600
-15.27791870;4.44166400;1.67668700
-15.25743870;4.44166400;1.67668700
-15.23695870;4.44166400;1.67668700
-15.21647870;4.44166400;1.67668700
-15.19599870;4.44166400;1.67668700
-15.17551870;4.44166400;1.58818300
-15.15503870;4.44166400;1.67668700
-15.13455870;4.44166400;1.67668700
-15.11407870;4.44166400;1.67668700
-15.09359870;4.44166400;1.58818300
-15.07311870;4.44166400;1.58818300
-15.05263870;4.44166400;1.67668700
-15.03215870;4.44166400;1.67668700
-15.01167870;4.44166400;1.67668700
-14.99119870;4.44166400;1.58818300
-14.97071870;4.52986200;1.67668700
-14.95023870;4.44166400;1.58818300
-14.92975870;4.52986200;1.58818300
-14.90927870;4.44166400;1.58818300
-14.88879870;4.44166400;1.58818300
-14.86831870;4.52986200;1.67668700
-14.84783870;4.44166400;1.58818300
-14.82735870;4.52986200;1.67668700
-14.80687870;4.52986200;1.58818300
-14.78639870;4.44166400;1.58818300
-14.76591870;4.52986200;1.58818300
-14.74543870;4.44166400;1.67668700
-14.72495870;4.44166400;1.67668700
-14.70447870;4.44166400;1.67668700
-14.68399870;4.52986200;1.67668700
-14.66351870;4.52986200;1.67668700
-14.64303870;4.52986200;1.67668700
-14.62255870;4.52986200;1.67668700
-14.60207870;4.52986200;1.76549600
-14.58159870;4.52986200;1.67668700
-14.56111870;4.52986200;1.76549600
-14.54063870;4.52986200;1.76549600
-14.52015870;4.52986200;1.76549600
-14.49967870;4.44166400;1.76549600
-14.47919870;4.52986200;1.76549600
-14.45871870;4.52986200;1.76549600
-14.43823870;4.52986200;1.76549600
-14.41775870;4.52986200;1.76549600
-14.39727870;4.52986200;1.76549600
-14.37679870;4.52986200;1.76549600
-14.35631870;4.52986200;1.76549600
-14.33583870;4.52986200;1.76549600
-14.31535871;4.52986200;1.76549600
-14.29487871;4.52986200;1.85430500
-14.27439871;4.52986200;1.76549600
-14.25391871;4.52986200;1.85430500
-14.23343871;4.52986200;1.85430500
-14.21295871;4.52986200;1.85430500
-14.19247871;4.52986200;1.94280800
-14.17199871;4.52986200;1.94280800
-14.15151871;4.52986200;1.94280800
-14.13103871;4.52986200;1.94280800
-14.11055871;4.52986200;1.94280800
-14.09007871;4.52986200;1.94280800
-14.06959871;4.52986200;1.94280800
-14.04911871;4.52986200;1.94280800
-14.02863871;4.52986200;2.03161700
-14.00815871;4.52986200;2.03161700
-13.98767871;4.52986200;2.12042600
-13.96719871;4.52986200;2.03161700
-13.94671871;4.52986200;2.12042600
-13.92623871;4.52986200;2.12042600
-13.90575871;4.61775600;2.12042600
-13.88527871;4.52986200;2.12042600
-13.86479871;4.52986200;2.20893000
-13.84431871;4.52986200;2.20893000
-13.82383871;4.61775600;2.29773900
-13.80335871;4.52986200;2.29773900
-13.78287871;4.52986200;2.29773900
-13.76239871;4.52986200;2.29773900
-13.74191871;4.52986200;2.38654700
-13.72143871;4.52986200;2.38654700
-13.70095871;4.52986200;2.47505100
-13.68047871;4.52986200;2.47505100
-13.65999871;4.61775600;2.47505100
-13.63951871;4.52986200;2.47505100
-13.61903871;4.61775600;2.56386000
-13.59855871;4.61775600;2.56386000
-13.57807871;4.61775600;2.56386000
-13.55759871;4.52986200;2.65266900
-13.53711871;4.61775600;2.65266900
-13.51663871;4.61775600;2.65266900
-13.49615871;4.61775600;2.65266900
-13.47567871;4.61775600;2.74117300
-13.45519871;4.61775600;2.82998100
-13.43471871;4.52986200;2.74117300
-13.41423871;4.61775600;2.82998100
-13.39375871;4.61775600;2.82998100
-13.37327871;4.52986200;2.82998100
-13.35279871;4.61775600;2.91879000
-13.33231871;4.61775600;2.91879000
-13.31183871;4.61775600;3.00759900
-13.29135871;4.61775600;3.00759900
-13.27087871;4.61775600;3.00759900
-13.25039871;4.61775600;3.00759900
-13.22991871;4.61775600;3.00759900
-13.20943871;4.61775600;3.09610300
-13.18895871;4.61775600;3.18491200
-13.16847871;4.61775600;3.18491200
-13.14799871;4.61775600;3.18491200
-13.12751871;4.61775600;3.18491200
-13.10703871;4.61775600;3.27372100
-13.08655871;4.61775600;3.27372100
-13.06607871;4.61775600;3.27372100
-13.04559871;4.61775600;3.36222400
-13.02511871;4.70595400;3.36222400
-13.00463871;4.61775600;3.36222400
-12.98415871;4.70595400;3.36222400
-12.96367871;4.61775600;3.36222400
-12.94319871;4.70595400;3.36222400
-12.92271871;4.70595400;3.45103300
-12.90223871;4.61775600;3.45103300
-12.88175871;4.70595400;3.53984200
-12.86127871;4.70595400;3.53984200
-12.84079871;4.70595400;3.53984200
-12.82031871;4.70595400;3.53984200
-12.79983871;4.70595400;3.53984200
-12.77935871;4.70595400;3.62834500
-12.75887871;4.70595400;3.62834500
-12.73839871;4.70595400;3.62834500
-12.71791871;4.70595400;3.62834500
-12.69743871;4.70595400;3.62834500
-12.67695872;4.70595400;3.71715500
-12.65647872;4.61775600;3.71715500
-12.63599872;4.70595400;3.71715500
-12.61551872;4.70595400;3.71715500
-12.59503872;4.70595400;3.71715500
-12.57455872;4.70595400;3.71715500
-12.55407872;4.70595400;3.71715500
-12.53359872;4.70595400;3.71715500
-12.51311872;4.70595400;3.71715500
-12.49263872;4.70595400;3.71715500
-12.47215872;4.70595400;3.80596300
-12.45167872;4.70595400;3.71715500
-12.43119872;4.70595400;3.71715500
-12.41071872;4.70595400;3.71715500
-12.39023872;4.70595400;3.71715500
-12.36975872;4.70595400;3.71715500
-12.34927872;4.70595400;3.80596300
-12.32879872;4.79415300;3.71715500
-12.30831872;4.70595400;3.80596300
-12.28783872;4.70595400;3.71715500
-12.26735872;4.70595400;3.80596300
-12.24687872;4.79415300;3.80596300
-12.22639872;4.79415300;3.80596300
-12.20591872;4.79415300;3.80596300
-12.18543872;4.70595400;3.71715500
-12.16495872;4.79415300;3.71715500
-12.14447872;4.79415300;3.71715500
-12.12399872;4.70595400;3.71715500
-12.10351872;4.79415300;3.71715500
-12.08303872;4.79415300;3.71715500
-12.06255872;4.79415300;3.71715500
-12.04207872;4.79415300;3.71715500
-12.02159872;4.70595400;3.71715500
-12.00111872;4.70595400;3.71715500
-11.98063872;4.70595400;3.71715500
-11.96015872;4.79415300;3.71715500
-11.93967872;4.79415300;3.62834500
-11.91919872;4.79415300;3.71715500
-11.89871872;4.79415300;3.62834500
-11.87823872;4.79415300;3.62834500
-11.85775872;4.79415300;3.62834500
-11.83727872;4.79415300;3.62834500
-11.81679872;4.79415300;3.62834500
-11.79631872;4.79415300;3.62834500
-11.77583872;4.79415300;3.62834500
-11.75535872;4.79415300;3.53984200
-11.73487872;4.79415300;3.53984200
-11.71439872;4.79415300;3.53984200
-11.69391872;4.79415300;3.53984200
-11.67343872;4.79415300;3.53984200
-11.65295872;4.79415300;3.53984200
-11.63247872;4.79415300;3.45103300
-11.61199872;4.79415300;3.45103300
-11.59151872;4.79415300;3.45103300
-11.57103872;4.79415300;3.36222400
-11.55055872;4.79415300;3.45103300
-11.53007872;4.79415300;3.36222400
-11.50959872;4.79415300;3.36222400
-11.48911872;4.79415300;3.36222400
-11.46863872;4.79415300;3.36222400
-11.44815872;4.79415300;3.36222400
-11.42767872;4.79415300;3.27372100
-11.40719872;4.79415300;3.27372100
-11.38671872;4.79415300;3.27372100
-11.36623872;4.79415300;3.27372100
-11.34575872;4.79415300;3.18491200
-11.32527872;4.79415300;3.27372100
-11.30479872;4.79415300;3.18491200
-11.28431872;4.79415300;3.18491200
-11.26383872;4.88235100;3.18491200
-11.24335872;4.88235100;3.18491200
-11.22287872;4.88235100;3.18491200
-11.20239872;4.88235100;3.18491200
-11.18191872;4.88235100;3.09610300
-11.16143872;4.88235100;3.09610300
-11.14095872;4.88235100;3.00759900
-11.12047872;4.88235100;3.00759900
-11.09999872;4.88235100;3.00759900
-11.07951872;4.88235100;3.00759900
-11.05903872;4.88235100;3.00759900
-11.03855872;4.88235100;3.00759900
-11.01807873;4.88235100;3.00759900
-10.99759873;4.88235100;3.00759900
-10.97711873;4.88235100;2.91879000
-10.95663873;4.88235100;2.91879000
-10.93615873;4.88235100;2.91879000
-10.91567873;4.88235100;2.82998100
-10.89519873;4.88235100;2.91879000
-10.87471873;4.88235100;2.82998100
-10.85423873;4.88235100;2.82998100
-10.83375873;4.88235100;2.82998100
-10.81327873;4.88235100;2.82998100
-10.79279873;4.88235100;2.82998100
-10.77231873;4.88235100;2.74117300
-10.75183873;4.88235100;2.82998100
-10.73135873;4.88235100;2.74117300
-10.71087873;4.88235100;2.74117300
-10.69039873;4.88235100;2.74117300
-10.66991873;4.88235100;2.65266900
-10.64943873;4.88235100;2.65266900
-10.62895873;4.88235100;2.65266900
-10.60847873;4.88235100;2.65266900
-10.58799873;4.88235100;2.65266900
-10.56751873;4.88235100;2.65266900
-10.54703873;4.88235100;2.65266900
-10.52655873;4.88235100;2.65266900
-10.50607873;4.88235100;2.56386000
-10.48559873;4.88235100;2.56386000
-10.46511873;4.88235100;2.56386000
-10.44463873;4.88235100;2.56386000
-10.42415873;4.88235100;2.56386000
-10.40367873;4.88235100;2.56386000
-10.38319873;4.88235100;2.47505100
-10.36271873;4.88235100;2.47505100
-10.34223873;4.88235100;2.56386000
-10.32175873;4.88235100;2.47505100
-10.30127873;4.88235100;2.47505100
-10.28079873;4.88235100;2.47505100
-10.26031873;4.88235100;2.47505100
-10.23983873;4.88235100;2.47505100
-10.21935873;4.88235100;2.47505100
-10.19887873;4.88235100;2.38654700
-10.17839873;4.88235100;2.47505100
-10.15791873;4.88235100;2.47505100
-10.13743873;4.88235100;2.47505100
-10.11695873;4.88235100;2.38654700
-10.09647873;4.88235100;2.38654700
-10.07599873;4.88235100;2.38654700
-10.05551873;4.88235100;2.38654700
-10.03503873;4.88235100;2.38654700
-10.01455873;4.88235100;2.29773900
-9.99407873;4.88235100;2.29773900
-9.97359873;4.97055000;2.29773900
-9.95311873;4.88235100;2.38654700
-9.93263873;4.97055000;2.29773900
-9.91215873;4.97055000;2.29773900
-9.89167873;4.97055000;2.29773900
-9.87119873;4.97055000;2.29773900
-9.85071873;4.97055000;2.29773900
-9.83023873;4.97055000;2.29773900
-9.80975873;4.97055000;2.29773900
-9.78927873;4.97055000;2.29773900
-9.76879873;4.97055000;2.29773900
-9.74831873;4.88235100;2.29773900
-9.72783873;4.97055000;2.29773900
-9.70735873;4.97055000;2.29773900
-9.68687873;4.97055000;2.29773900
-9.66639873;4.97055000;2.29773900
-9.64591873;4.97055000;2.29773900
-9.62543873;4.97055000;2.29773900
-9.60495873;4.97055000;2.29773900
-9.58447873;4.97055000;2.29773900
-9.56399873;4.97055000;2.29773900
-9.54351873;4.97055000;2.29773900
-9.52303873;4.97055000;2.29773900
-9.50255873;4.97055000;2.29773900
-9.48207873;4.97055000;2.29773900
-9.46159873;4.97055000;2.29773900
-9.44111873;4.97055000;2.29773900
-9.42063873;5.05874800;2.29773900
-9.40015873;5.05874800;2.29773900
-9.37967874;5.05874800;2.29773900
-9.35919874;5.05874800;2.29773900
-9.33871874;4.97055000;2.29773900
-9.31823874;4.97055000;2.38654700
-9.29775874;5.05874800;2.29773900
-9.27727874;4.97055000;2.29773900
-9.25679874;4.97055000;2.38654700
-9.23631874;4.97055000;2.29773900
-9.21583874;5.05874800;2.38654700
-9.19535874;4.97055000;2.38654700
-9.17487874;5.05874800;2.47505100
-9.15439874;5.05874800;2.47505100
-9.13391874;5.05874800;2.47505100
-9.11343874;5.05874800;2.47505100
-9.09295874;5.05874800;2.47505100
-9.07247874;5.05874800;2.47505100
-9.05199874;5.05874800;2.47505100
-9.03151874;5.05874800;2.56386000
-9.01103874;5.05874800;2.56386000
-8.99055874;5.05874800;2.56386000
-8.97007874;5.05874800;2.65266900
-8.94959874;5.05874800;2.65266900
-8.92911874;5.05874800;2.65266900
-8.90863874;5.05874800;2.65266900
-8.88815874;5.05874800;2.65266900
-8.86767874;5.05874800;2.65266900
-8.84719874;5.05874800;2.65266900
-8.82671874;5.05874800;2.74117300
-8.80623874;5.05874800;2.74117300
-8.78575874;5.05874800;2.82998100
-8.76527874;5.05874800;2.82998100
-8.74479874;5.05874800;2.82998100
-8.72431874;5.05874800;2.82998100
-8.70383874;5.05874800;2.82998100
-8.68335874;5.05874800;2.91879000
-8.66287874;5.05874800;3.00759900
-8.64239874;5.05874800;2.91879000
-8.62191874;5.14694600;3.00759900
-8.60143874;5.05874800;3.00759900
-8.58095874;5.05874800;3.00759900
-8.56047874;5.05874800;3.09610300
-8.53999874;5.05874800;3.09610300
-8.51951874;5.05874800;3.18491200
-8.49903874;5.05874800;3.18491200
-8.47855874;5.05874800;3.18491200
-8.45807874;5.14694600;3.27372100
-8.43759874;5.05874800;3.27372100
-8.41711874;5.14694600;3.36222400
-8.39663874;5.14694600;3.36222400
-8.37615874;5.05874800;3.36222400
-8.35567874;5.05874800;3.36222400
-8.33519874;5.14694600;3.36222400
-8.31471874;5.14694600;3.53984200
-8.29423874;5.05874800;3.53984200
-8.27375874;5.14694600;3.53984200
-8.25327874;5.05874800;3.62834500
-8.23279874;5.05874800;3.62834500
-8.21231874;5.14694600;3.62834500
-8.19183874;5.14694600;3.71715500
-8.17135874;5.14694600;3.71715500
-8.15087874;5.14694600;3.71715500
-8.13039874;5.14694600;3.89446700
-8.10991874;5.14694600;3.89446700
-8.08943874;5.05874800;3.89446700
-8.06895874;5.14694600;3.98327600
-8.04847874;5.14694600;3.98327600
-8.02799874;5.14694600;3.98327600
-8.00751874;5.14694600;4.07208500
-7.98703874;5.14694600;4.07208500
-7.96655874;5.14694600;4.07208500
-7.94607874;5.14694600;4.16058800
-7.92559874;5.14694600;4.16058800
-7.90511874;5.14694600;4.24939700
-7.88463874;5.14694600;4.24939700
-7.86415874;5.14694600;4.33820600
-7.84367874;5.14694600;4.33820600
-7.82319874;5.14694600;4.33820600
-7.80271874;5.14694600;4.42701500
-7.78223874;5.14694600;4.42701500
-7.76175874;5.14694600;4.42701500
-7.74127875;5.14694600;4.42701500
-7.72079875;5.14694600;4.51551900
-7.70031875;5.14694600;4.60432800
-7.67983875;5.14694600;4.60432800
-7.65935875;5.14694600;4.60432800
-7.63887875;5.14694600;4.60432800
-7.61839875;5.14694600;4.69313600
-7.59791875;5.23514500;4.69313600
-7.57743875;5.23514500;4.78164000
-7.55695875;5.14694600;4.78164000
-7.53647875;5.14694600;4.78164000
-7.51599875;5.23514500;4.78164000
-7.49551875;5.14694600;4.87044900
-7.47503875;5.14694600;4.87044900
-7.45455875;5.14694600;4.87044900
-7.43407875;5.23514500;4.95925800
-7.41359875;5.23514500;4.95925800
-7.39311875;5.14694600;4.95925800
-7.37263875;5.23514500;4.95925800
-7.35215875;5.23514500;4.95925800
-7.33167875;5.14694600;4.95925800
-7.31119875;5.23514500;4.95925800
-7.29071875;5.23514500;5.04776100
-7.27023875;5.23514500;5.04776100
-7.24975875;5.23514500;4.95925800
-7.22927875;5.23514500;5.04776100
-7.20879875;5.23514500;5.04776100
-7.18831875;5.23514500;5.04776100
-7.16783875;5.23514500;5.13657000
-7.14735875;5.23514500;5.13657000
-7.12687875;5.23514500;5.13657000
-7.10639875;5.23514500;5.13657000
-7.08591875;5.23514500;5.13657000
-7.06543875;5.23514500;5.13657000
-7.04495875;5.23514500;5.13657000
-7.02447875;5.23514500;5.13657000
-7.00399875;5.23514500;5.13657000
-6.98351875;5.23514500;5.13657000
-6.96303875;5.23514500;5.13657000
-6.94255875;5.23514500;5.13657000
-6.92207875;5.23514500;5.13657000
-6.90159875;5.23514500;5.13657000
-6.88111875;5.23514500;5.13657000
-6.86063875;5.23514500;5.13657000
-6.84015875;5.23514500;5.13657000
-6.81967875;5.23514500;5.13657000
-6.79919875;5.23514500;5.13657000
-6.77871875;5.23514500;5.04776100
-6.75823875;5.23514500;5.13657000
-6.73775875;5.23514500;5.13657000
-6.71727875;5.23514500;5.04776100
-6.69679875;5.23514500;5.04776100
-6.67631875;5.23514500;5.04776100
-6.65583875;5.23514500;5.04776100
-6.63535875;5.23514500;4.95925800
-6.61487875;5.23514500;5.04776100
-6.59439875;5.23514500;4.95925800
-6.57391875;5.23514500;4.95925800
-6.55343875;5.23514500;4.95925800
-6.53295875;5.32303900;4.95925800
-6.51247875;5.23514500;4.95925800
-6.49199875;5.32303900;4.95925800
-6.47151875;5.23514500;4.95925800
-6.45103875;5.23514500;4.87044900
-6.43055875;5.32303900;4.95925800
-6.41007875;5.23514500;4.87044900
-6.38959875;5.32303900;4.87044900
-6.36911875;5.32303900;4.78164000
-6.34863875;5.23514500;4.78164000
-6.32815875;5.23514500;4.78164000
-6.30767875;5.23514500;4.78164000
-6.28719875;5.23514500;4.78164000
-6.26671875;5.32303900;4.69313600
-6.24623875;5.32303900;4.69313600
-6.22575875;5.32303900;4.69313600
-6.20527875;5.32303900;4.69313600
-6.18479875;5.32303900;4.60432800
-6.16431875;5.32303900;4.60432800
-6.14383875;5.41123700;4.60432800
-6.12335875;5.32303900;4.60432800
-6.10287875;5.32303900;4.60432800
-6.08239876;5.41123700;4.51551900
-6.06191876;5.32303900;4.51551900
-6.04143876;5.32303900;4.42701500
-6.02095876;5.32303900;4.42701500
-6.00047876;5.32303900;4.42701500
-5.97999876;5.32303900;4.42701500
-5.95951876;5.41123700;4.42701500
-5.93903876;5.32303900;4.42701500
-5.91855876;5.41123700;4.33820600
-5.89807876;5.32303900;4.33820600
-5.87759876;5.32303900;4.33820600
-5.85711876;5.32303900;4.24939700
-5.83663876;5.41123700;4.24939700
-5.81615876;5.32303900;4.24939700
-5.79567876;5.41123700;4.24939700
-5.77519876;5.32303900;4.24939700
-5.75471876;5.41123700;4.16058800
-5.73423876;5.41123700;4.16058800
-5.71375876;5.41123700;4.16058800
-5.69327876;5.41123700;4.07208500
-5.67279876;5.32303900;4.16058800
-5.65231876;5.41123700;4.07208500
-5.63183876;5.41123700;4.07208500
-5.61135876;5.41123700;4.07208500
-5.59087876;5.32303900;4.07208500
-5.57039876;5.41123700;3.98327600
-5.54991876;5.41123700;3.98327600
-5.52943876;5.41123700;3.98327600
-5.50895876;5.41123700;3.89446700
-5.48847876;5.41123700;3.98327600
-5.46799876;5.41123700;3.89446700
-5.44751876;5.32303900;3.89446700
-5.42703876;5.41123700;3.89446700
-5.40655876;5.41123700;3.89446700
-5.38607876;5.41123700;3.89446700
-5.36559876;5.41123700;3.80596300
-5.34511876;5.41123700;3.71715500
-5.32463876;5.41123700;3.71715500
-5.30415876;5.41123700;3.71715500
-5.28367876;5.41123700;3.71715500
-5.26319876;5.41123700;3.71715500
-5.24271876;5.41123700;3.62834500
-5.22223876;5.41123700;3.71715500
-5.20175876;5.41123700;3.62834500
-5.18127876;5.41123700;3.62834500
-5.16079876;5.41123700;3.62834500
-5.14031876;5.41123700;3.53984200
-5.11983876;5.41123700;3.53984200
-5.09935876;5.41123700;3.53984200
-5.07887876;5.41123700;3.53984200
-5.05839876;5.41123700;3.53984200
-5.03791876;5.41123700;3.53984200
-5.01743876;5.41123700;3.53984200
-4.99695876;5.41123700;3.53984200
-4.97647876;5.41123700;3.45103300
-4.95599876;5.41123700;3.53984200
-4.93551876;5.41123700;3.45103300
-4.91503876;5.41123700;3.36222400
-4.89455876;5.49943500;3.45103300
-4.87407876;5.49943500;3.36222400
-4.85359876;5.49943500;3.36222400
-4.83311876;5.49943500;3.36222400
-4.81263876;5.41123700;3.36222400
-4.79215876;5.49943500;3.36222400
-4.77167876;5.49943500;3.36222400
-4.75119876;5.49943500;3.36222400
-4.73071876;5.49943500;3.36222400
-4.71023876;5.49943500;3.36222400
-4.68975876;5.49943500;3.36222400
-4.66927876;5.49943500;3.36222400
-4.64879876;5.49943500;3.36222400
-4.62831876;5.49943500;3.36222400
-4.60783876;5.49943500;3.36222400
-4.58735876;5.49943500;3.36222400
-4.56687876;5.49943500;3.27372100
-4.54639876;5.49943500;3.27372100
-4.52591876;5.49943500;3.27372100
-4.50543876;5.49943500;3.27372100
-4.48495876;5.49943500;3.27372100
-4.46447876;5.49943500;3.27372100
-4.44399877;5.49943500;3.27372100
-4.42351877;5.49943500;3.27372100
-4.40303877;5.49943500;3.27372100
-4.38255877;5.49943500;3.27372100
-4.36207877;5.49943500;3.27372100
-4.34159877;5.49943500;3.27372100
-4.32111877;5.49943500;3.27372100
-4.30063877;5.49943500;3.27372100
-4.28015877;5.49943500;3.27372100
-4.25967877;5.49943500;3.27372100
-4.23919877;5.49943500;3.27372100
-4.21871877;5.49943500;3.27372100
-4.19823877;5.49943500;3.36222400
-4.17775877;5.49943500;3.27372100
-4.15727877;5.49943500;3.27372100
-4.13679877;5.49943500;3.27372100
-4.11631877;5.49943500;3.36222400
-4.09583877;5.49943500;3.36222400
-4.07535877;5.49943500;3.27372100
-4.05487877;5.49943500;3.36222400
-4.03439877;5.49943500;3.36222400
-4.01391877;5.58763400;3.36222400
-3.99343877;5.58763400;3.36222400
-3.97295877;5.58763400;3.36222400
-3.95247877;5.58763400;3.36222400
-3.93199877;5.49943500;3.36222400
-3.91151877;5.58763400;3.36222400
-3.89103877;5.49943500;3.45103300
-3.87055877;5.58763400;3.36222400
-3.85007877;5.49943500;3.45103300
-3.82959877;5.49943500;3.53984200
-3.80911877;5.58763400;3.53984200
-3.78863877;5.58763400;3.53984200
-3.76815877;5.58763400;3.53984200
-3.74767877;5.58763400;3.53984200
-3.72719877;5.49943500;3.62834500
-3.70671877;5.58763400;3.62834500
-3.68623877;5.58763400;3.62834500
-3.66575877;5.58763400;3.71715500
-3.64527877;5.58763400;3.62834500
-3.62479877;5.58763400;3.71715500
-3.60431877;5.58763400;3.71715500
-3.58383877;5.58763400;3.80596300
-3.56335877;5.58763400;3.71715500
-3.54287877;5.58763400;3.80596300
-3.52239877;5.58763400;3.89446700
-3.50191877;5.58763400;3.89446700
-3.48143877;5.58763400;3.98327600
-3.46095877;5.58763400;3.98327600
-3.44047877;5.58763400;4.07208500
-3.41999877;5.58763400;4.07208500
-3.39951877;5.58763400;4.07208500
-3.37903877;5.58763400;4.07208500
-3.35855877;5.58763400;4.16058800
-3.33807877;5.58763400;4.16058800
-3.31759877;5.58763400;4.24939700
-3.29711877;5.58763400;4.24939700
-3.27663877;5.58763400;4.33820600
-3.25615877;5.58763400;4.33820600
-3.23567877;5.58763400;4.42701500
-3.21519877;5.58763400;4.42701500
-3.19471877;5.58763400;4.42701500
-3.17423877;5.58763400;4.51551900
-3.15375877;5.58763400;4.60432800
-3.13327877;5.58763400;4.60432800
-3.11279877;5.58763400;4.60432800
-3.09231877;5.58763400;4.69313600
-3.07183877;5.58763400;4.78164000
-3.05135877;5.58763400;4.78164000
-3.03087877;5.58763400;4.78164000
-3.01039877;5.58763400;4.87044900
-2.98991877;5.58763400;4.95925800
-2.96943877;5.58763400;4.95925800
-2.94895877;5.58763400;5.04776100
-2.92847877;5.58763400;5.13657000
-2.90799877;5.58763400;5.13657000
-2.88751877;5.67583200;5.13657000
-2.86703877;5.58763400;5.22537900
-2.84655877;5.58763400;5.31388300
-2.82607877;5.67583200;5.31388300
-2.80559878;5.67583200;5.31388300
-2.78511878;5.58763400;5.40269200
-2.76463878;5.58763400;5.40269200
-2.74415878;5.58763400;5.49150000
-2.72367878;5.58763400;5.49150000
-2.70319878;5.58763400;5.58000400
-2.68271878;5.67583200;5.58000400
-2.66223878;5.67583200;5.66881300
-2.64175878;5.67583200;5.66881300
-2.62127878;5.58763400;5.75762200
-2.60079878;5.67583200;5.84643100
-2.58031878;5.67583200;5.84643100
-2.55983878;5.67583200;5.84643100
-2.53935878;5.67583200;5.84643100
-2.51887878;5.67583200;5.93493500
-2.49839878;5.67583200;6.02374400
-2.47791878;5.67583200;6.02374400
-2.45743878;5.67583200;6.02374400
-2.43695878;5.67583200;6.11255200
-2.41647878;5.67583200;6.20105600
-2.39599878;5.67583200;6.20105600
-2.37551878;5.67583200;6.20105600
-2.35503878;5.67583200;6.20105600
-2.33455878;5.67583200;6.28986500
-2.31407878;5.67583200;6.37867400
-2.29359878;5.67583200;6.37867400
-2.27311878;5.67583200;6.37867400
-2.25263878;5.67583200;6.46717700
-2.23215878;5.67583200;6.46717700
-2.21167878;5.67583200;6.46717700
-2.19119878;5.67583200;6.55598600
-2.17071878;5.67583200;6.55598600
-2.15023878;5.67583200;6.55598600
-2.12975878;5.67583200;6.55598600
-2.10927878;5.67583200;6.55598600
-2.08879878;5.76403100;6.64479500
-2.06831878;5.76403100;6.73329900
-2.04783878;5.67583200;6.73329900
-2.02735878;5.76403100;6.73329900
-2.00687878;5.76403100;6.73329900
-1.98639878;5.76403100;6.73329900
-1.96591878;5.76403100;6.82210800
-1.94543878;5.76403100;6.82210800
-1.92495878;5.67583200;6.82210800
-1.90447878;5.67583200;6.91091600
-1.88399878;5.76403100;6.91091600
-1.86351878;5.76403100;6.91091600
-1.84303878;5.76403100;6.91091600
-1.82255878;5.76403100;6.91091600
-1.80207878;5.76403100;6.91091600
-1.78159878;5.76403100;6.91091600
-1.76111878;5.76403100;6.91091600
-1.74063878;5.76403100;6.91091600
-1.72015878;5.76403100;6.91091600
-1.69967878;5.76403100;6.91091600
-1.67919878;5.76403100;6.91091600
-1.65871878;5.76403100;6.99942000
-1.63823878;5.76403100;6.99942000
-1.61775878;5.76403100;6.99942000
-1.59727878;5.76403100;6.99942000
-1.57679878;5.76403100;6.99942000
-1.55631878;5.76403100;6.91091600
-1.53583878;5.76403100;6.91091600
-1.51535878;5.76403100;6.99942000
-1.49487878;5.76403100;6.99942000
-1.47439878;5.76403100;6.99942000
-1.45391878;5.76403100;6.91091600
-1.43343878;5.85223000;6.99942000
-1.41295878;5.76403100;6.91091600
-1.39247878;5.76403100;6.91091600
-1.37199878;5.76403100;6.91091600
-1.35151878;5.76403100;6.91091600
-1.33103878;5.85223000;6.91091600
-1.31055878;5.76403100;6.91091600
-1.29007878;5.76403100;6.91091600
-1.26959878;5.85223000;6.91091600
-1.24911878;5.85223000;6.91091600
-1.22863878;5.76403100;6.91091600
-1.20815878;5.76403100;6.82210800
-1.18767878;5.85223000;6.82210800
-1.16719878;5.85223000;6.82210800
-1.14671879;5.85223000;6.82210800
-1.12623879;5.85223000;6.82210800
-1.10575879;5.85223000;6.82210800
-1.08527879;5.85223000;6.73329900
-1.06479879;5.76403100;6.73329900
-1.04431879;5.85223000;6.73329900
-1.02383879;5.85223000;6.73329900
-1.00335879;5.76403100;6.73329900
-0.98287879;5.85223000;6.64479500
-0.96239879;5.85223000;6.55598600
-0.94191879;5.85223000;6.64479500
-0.92143879;5.85223000;6.55598600
-0.90095879;5.85223000;6.55598600
-0.88047879;5.85223000;6.55598600
-0.85999879;5.85223000;6.55598600
-0.83951879;5.85223000;6.46717700
-0.81903879;5.85223000;6.46717700
-0.79855879;5.85223000;6.46717700
-0.77807879;5.85223000;6.46717700
-0.75759879;5.85223000;6.37867400
-0.73711879;5.85223000;6.46717700
-0.71663879;5.85223000;6.37867400
-0.69615879;5.85223000;6.37867400
-0.67567879;5.85223000;6.37867400
-0.65519879;5.85223000;6.37867400
-0.63471879;5.85223000;6.28986500
-0.61423879;5.85223000;6.20105600
-0.59375879;5.85223000;6.20105600
-0.57327879;5.85223000;6.20105600
-0.55279879;5.85223000;6.20105600
-0.53231879;5.85223000;6.11255200
-0.51183879;5.85223000;6.11255200
-0.49135879;5.85223000;6.11255200
-0.47087879;5.85223000;6.11255200
-0.45039879;5.85223000;6.11255200
-0.42991879;5.85223000;6.02374400
-0.40943879;5.85223000;6.02374400
-0.38895879;5.94042800;6.02374400
-0.36847879;5.85223000;6.02374400
-0.34799879;5.85223000;5.84643100
-0.32751879;5.85223000;5.93493500
-0.30703879;5.94042800;5.84643100
-0.28655879;5.94042800;5.84643100
-0.26607879;5.94042800;5.84643100
-0.24559879;5.94042800;5.84643100
-0.22511879;5.85223000;5.84643100
-0.20463879;5.94042800;5.84643100
-0.18415879;5.94042800;5.75762200
-0.16367879;5.94042800;5.75762200
-0.14319879;5.94042800;5.66881300
-0.12271879;5.94042800;5.66881300
-0.10223879;5.94042800;5.66881300
-0.08175879;5.94042800;5.66881300
-0.06127879;5.94042800;5.58000400
-0.04079879;5.94042800;5.58000400
-0.02031879;5.94042800;5.58000400
0.00016121;0.03387555;-0.00854518
0.02064121;0.03387555;-0.00854518
0.04112121;0.03387555;0.08026368
0.06160121;0.03387555;-0.00854518
0.08208121;0.03387555;0.08026368
0.10256121;0.03387555;-0.00854518
0.12304121;0.03387555;-0.00854518
0.14352121;0.03387555;-0.00854518
0.16400121;0.03387555;-0.00854518
0.18448121;-0.05432295;-0.00854518
0.20496121;0.03387555;-0.00854518
0.22544121;0.03387555;0.08026368
0.24592121;0.03387555;-0.00854518
0.26640121;0.03387555;-0.00854518
0.28688121;0.03387555;-0.00854518
0.30736121;0.03387555;-0.00854518
0.32784121;0.03387555;-0.00854518
0.34832121;0.03387555;-0.00854518
0.36880121;0.03387555;-0.00854518
0.38928121;0.03387555;0.08026368
0.40976121;-0.05432295;-0.00854518
0.43024121;-0.05432295;0.08026368
0.45072121;-0.05432295;-0.00854518
0.47120121;0.03387555;-0.00854518
0.49168120;0.03387555;-0.00854518
0.51216120;0.03387555;-0.00854518
0.53264120;-0.05432295;0.08026368
0.55312120;-0.05432295;-0.00854518
0.57360120;-0.05432295;-0.00854518
0.59408120;0.03387555;-0.00854518
0.61456120;-0.05432295;-0.00854518
0.63504120;-0.05432295;-0.00854518
0.65552120;0.03387555;-0.00854518
0.67600120;0.03387555;-0.00854518
0.69648120;0.03387555;0.08026368
0.71696120;0.03387555;0.08026368
0.73744120;0.03387555;-0.00854518
0.75792120;0.03387555;0.08026368
0.77840120;-0.05432295;-0.00854518
0.79888120;-0.05432295;-0.00854518
0.81936120;0.03387555;-0.00854518
0.83984120;-0.05432295;-0.00854518
0.86032120;0.03387555;-0.00854518
0.88080120;-0.05432295;-0.00854518
0.90128120;0.03387555;-0.00854518
0.92176120;0.03387555;-0.00854518
0.94224120;0.03387555;-0.00854518
0.96272120;0.03387555;0.08026368
0.98320120;0.03387555;-0.00854518
1.00368120;-0.05432295;0.08026368
1.02416120;0.03387555;-0.00854518
1.04464120;0.03387555;-0.00854518
1.06512120;-0.05432295;-0.00854518
1.08560120;0.03387555;-0.00854518
1.10608120;-0.05432295;0.08026368
1.12656120;0.03387555;-0.00854518
1.14704120;-0.05432295;-0.00854518
1.16752120;0.03387555;-0.00854518
1.18800120;0.03387555;0.08026368
1.20848120;0.03387555;-0.00854518
1.22896120;0.03387555;-0.00854518
1.24944120;-0.05432295;-0.00854518
1.26992120;0.03387555;-0.00854518
1.29040120;0.03387555;-0.00854518
1.31088120;-0.05432295;-0.00854518
1.33136120;0.03387555;-0.00854518
1.35184120;0.03387555;-0.00854518
1.37232120;0.03387555;-0.00854518
1.39280120;-0.05432295;-0.00854518
1.41328120;0.03387555;-0.00854518
1.43376120;0.03387555;-0.00854518
1.45424120;0.03387555;-0.00854518
1.47472120;0.03387555;-0.00854518
1.49520120;0.03387555;-0.00854518
1.51568120;-0.05432295;-0.00854518
1.53616120;0.03387555;-0.00854518
1.55664120;-0.05432295;-0.00854518
1.57712120;0.03387555;-0.00854518
1.59760120;0.03387555;0.08026368
1.61808120;0.03387555;-0.00854518
1.63856120;0.03387555;-0.00854518
1.65904120;0.03387555;-0.00854518
1.67952120;0.03387555;-0.00854518
1.70000120;0.03387555;0.08026368
1.72048120;0.03387555;-0.00854518
1.74096120;0.03387555;-0.00854518
1.76144120;0.03387555;-0.00854518
1.78192120;0.03387555;-0.00854518
1.80240120;0.03387555;-0.00854518
1.82288120;0.03387555;0.08026368
1.84336120;0.03387555;0.08026368
1.86384120;0.03387555;-0.00854518
1.88432120;0.03387555;-0.00854518
1.90480120;-0.05432295;-0.00854518
1.92528120;0.03387555;-0.00854518
1.94576120;0.03387555;-0.00854518
1.96624120;0.03387555;-0.00854518
1.98672120;0.03387555;-0.00854518
2.00720120;0.03387555;-0.00854518
2.02768120;0.03387555;0.08026368
2.04816120;0.03387555;-0.00854518
2.06864120;0.03387555;-0.00854518
2.08912120;0.03387555;-0.00854518
2.10960120;0.03387555;-0.00854518
2.13008119;0.03387555;-0.00854518
2.15056119;0.03387555;-0.00854518
2.17104119;-0.05432295;0.08026368
2.19152119;-0.05432295;0.08026368
2.21200119;0.03387555;-0.00854518
2.23248119;0.03387555;-0.00854518
2.25296119;-0.05432295;-0.00854518
2.27344119;-0.05432295;-0.00854518
2.29392119;0.03387555;-0.00854518
2.31440119;0.03387555;-0.00854518
2.33488119;0.03387555;-0.00854518
2.35536119;0.03387555;0.08026368
2.37584119;0.03387555;-0.00854518
2.39632119;0.03387555;-0.00854518
2.41680119;0.03387555;-0.00854518
2.43728119;0.03387555;-0.00854518
2.45776119;0.03387555;-0.00854518
2.47824119;0.03387555;-0.00854518
2.49872119;-0.05432295;-0.00854518
2.51920119;0.03387555;0.08026368
2.53968119;0.03387555;-0.00854518
2.56016119;0.03387555;-0.00854518
2.58064119;0.03387555;0.08026368
2.60112119;0.03387555;-0.00854518
2.62160119;-0.05432295;0.08026368
2.64208119;0.03387555;-0.00854518
2.66256119;-0.05432295;-0.00854518
2.68304119;0.03387555;-0.00854518
2.70352119;0.03387555;-0.00854518
2.72400119;0.03387555;-0.00854518
2.74448119;0.03387555;-0.00854518
2.76496119;0.03387555;-0.00854518
2.78544119;0.03387555;-0.00854518
2.80592119;0.03387555;-0.00854518
2.82640119;-0.05432295;-0.00854518
2.84688119;-0.05432295;-0.00854518
2.86736119;0.03387555;-0.00854518
2.88784119;0.03387555;-0.00854518
2.90832119;0.03387555;0.08026368
2.92880119;0.03387555;-0.00854518
2.94928119;-0.05432295;-0.00854518
2.96976119;0.03387555;-0.00854518
2.99024119;-0.05432295;-0.00854518
3.01072119;-0.05432295;-0.00854518
3.03120119;0.03387555;0.08026368
3.05168119;0.03387555;-0.00854518
3.07216119;0.03387555;-0.00854518
3.09264119;0.03387555;0.08026368
3.11312119;0.03387555;-0.00854518
3.13360119;0.03387555;-0.00854518
3.15408119;0.03387555;-0.00854518
3.17456119;-0.05432295;-0.00854518
3.19504119;-0.05432295;0.08026368
3.21552119;0.03387555;-0.00854518
3.23600119;0.03387555;0.08026368
3.25648119;0.03387555;-0.00854518
3.27696119;0.03387555;-0.00854518
3.29744119;-0.05432295;-0.00854518
3.31792119;0.03387555;-0.00854518
3.33840119;0.03387555;-0.00854518
3.35888119;0.03387555;-0.00854518
3.37936119;-0.05432295;-0.00854518
3.39984119;0.03387555;-0.00854518
3.42032119;0.03387555;-0.00854518
3.44080119;0.03387555;-0.00854518
3.46128119;0.03387555;-0.00854518
3.48176119;0.03387555;-0.00854518
3.50224119;0.03387555;-0.00854518
3.52272119;-0.05432295;0.08026368
3.54320119;0.03387555;0.08026368
3.56368119;-0.05432295;0.08026368
3.58416119;0.03387555;-0.00854518
3.60464119;0.03387555;-0.00854518
3.62512119;-0.05432295;-0.00854518
3.64560119;0.03387555;-0.00854518
3.66608119;-0.05432295;-0.00854518
3.68656119;-0.05432295;-0.00854518
3.70704119;0.03387555;-0.00854518
3.72752119;0.03387555;0.08026368
3.74800119;-0.05432295;-0.00854518
3.76848119;-0.05432295;-0.00854518
3.78896118;0.03387555;0.08026368
3.80944118;0.03387555;-0.00854518
3.82992118;0.03387555;-0.00854518
3.85040118;0.03387555;-0.00854518
3.87088118;0.03387555;-0.00854518
3.89136118;-0.05432295;-0.00854518
3.91184118;0.03387555;-0.00854518
3.93232118;0.03387555;-0.00854518
3.95280118;-0.05432295;-0.00854518
3.97328118;-0.05432295;-0.00854518
3.99376118;0.03387555;-0.00854518
4.01424118;0.03387555;0.08026368
4.03472118;0.03387555;-0.00854518
4.05520118;0.03387555;-0.00854518
4.07568118;0.03387555;-0.00854518
4.09616118;-0.05432295;0.08026368
4.11664118;0.03387555;-0.00854518
4.13712118;0.03387555;-0.00854518
4.15760118;0.03387555;-0.00854518
4.17808118;0.03387555;-0.00854518
4.19856118;-0.05432295;-0.00854518
4.21904118;-0.05432295;0.08026368
4.23952118;0.03387555;-0.00854518
4.26000118;0.03387555;0.08026368
4.28048118;0.03387555;-0.00854518
4.30096118;-0.05432295;-0.00854518
4.32144118;0.03387555;-0.00854518
4.34192118;0.03387555;0.08026368
4.36240118;-0.05432295;-0.00854518
4.38288118;0.03387555;-0.00854518
4.40336118;0.03387555;-0.00854518
4.42384118;0.03387555;0.08026368
4.44432118;0.03387555;-0.00854518
4.46480118;-0.05432295;-0.00854518
4.48528118;-0.05432295;-0.00854518
4.50576118;-0.05432295;-0.00854518
4.52624118;-0.05432295;-0.00854518
4.54672118;0.03387555;-0.00854518
4.56720118;-0.05432295;-0.00854518
4.58768118;0.03387555;-0.00854518
4.60816118;-0.05432295;-0.00854518
4.62864118;0.03387555;-0.00854518
4.64912118;0.03387555;-0.00854518
4.66960118;0.03387555;-0.00854518
4.69008118;0.03387555;0.08026368
4.71056118;0.03387555;-0.00854518
4.73104118;-0.05432295;-0.00854518
4.75152118;0.03387555;-0.00854518
4.77200118;0.03387555;0.08026368
4.79248118;-0.05432295;-0.00854518
4.81296118;0.03387555;-0.00854518
4.83344118;0.03387555;-0.00854518
4.85392118;-0.05432295;-0.00854518
4.87440118;-0.05432295;-0.00854518
4.89488118;0.12207400;-0.00854518
4.91536118;0.03387555;-0.00854518
4.93584118;0.03387555;-0.00854518
4.95632118;0.03387555;-0.00854518
4.97680118;0.03387555;-0.00854518
4.99728118;0.03387555;-0.00854518
5.01776118;-0.05432295;-0.00854518
