Frequency;Channel A;Channel B
(ms);(V);(V)

-45.03544420;-0.05432295;-0.00854518
-45.01496420;0.03387555;-0.00854518
-44.99448420;0.03387555;-0.00854518
-44.97400420;0.03387555;0.08026368
-44.95352420;0.03387555;-0.00854518
-44.93304420;0.03387555;-0.00854518
-44.91256420;0.03387555;-0.00854518
-44.89208420;-0.05432295;-0.00854518
-44.87160420;0.03387555;-0.00854518
-44.85112420;0.03387555;-0.00854518
-44.83064420;-0.05432295;-0.00854518
-44.81016420;-0.05432295;-0.00854518
-44.78968420;0.03387555;-0.00854518
-44.76920420;0.03387555;-0.00854518
-44.74872420;0.03387555;-0.00854518
-44.72824420;0.03387555;-0.00854518
-44.70776420;0.03387555;-0.00854518
-44.68728420;-0.05432295;0.08026368
-44.66680420;0.03387555;-0.00854518
-44.64632420;0.03387555;-0.00854518
-44.62584420;0.03387555;-0.00854518
-44.60536420;0.03387555;-0.00854518
-44.58488420;0.03387555;0.08026368
-44.56440420;0.03387555;-0.00854518
-44.54392420;0.03387555;-0.00854518
-44.52344420;0.03387555;-0.00854518
-44.50296420;-0.05432295;0.08026368
-44.48248420;-0.05432295;-0.00854518
-44.46200420;0.03387555;-0.00854518
-44.44152420;0.03387555;-0.00854518
-44.42104420;0.03387555;-0.00854518
-44.40056420;0.03387555;-0.00854518
-44.38008420;0.03387555;-0.00854518
-44.35960420;0.03387555;-0.00854518
-44.33912420;-0.05432295;-0.00854518
-44.31864420;0.03387555;-0.00854518
-44.29816420;0.03387555;-0.00854518
-44.27768420;0.03387555;-0.00854518
-44.25720420;0.03387555;-0.00854518
-44.23672420;-0.05432295;-0.00854518
-44.21624421;0.03387555;-0.00854518
-44.19576421;0.03387555;-0.00854518
-44.17528421;-0.05432295;-0.00854518
-44.15480421;0.03387555;-0.00854518
-44.13432421;-0.05432295;-0.00854518
-44.11384421;-0.05432295;-0.00854518
-44.09336421;-0.05432295;0.08026368
-44.07288421;0.03387555;-0.00854518
-44.05240421;0.03387555;0.08026368
-44.03192421;0.03387555;-0.00854518
-44.01144421;0.03387555;-0.00854518
-43.99096421;0.03387555;0.08026368
-43.97048421;0.03387555;-0.00854518
-43.95000421;-0.05432295;-0.00854518
-43.92952421;0.03387555;-0.00854518
-43.90904421;0.03387555;-0.00854518
-43.88856421;0.03387555;-0.00854518
-43.86808421;0.03387555;-0.00854518
-43.84760421;0.03387555;-0.00854518
-43.82712421;0.03387555;-0.00854518
-43.80664421;0.03387555;-0.00854518
-43.78616421;-0.05432295;-0.00854518
-43.76568421;-0.05432295;0.08026368
-43.74520421;0.03387555;-0.00854518
-43.72472421;0.03387555;-0.00854518
-43.70424421;0.03387555;-0.00854518
-43.68376421;0.03387555;-0.00854518
-43.66328421;0.03387555;-0.00854518
-43.64280421;0.03387555;-0.00854518
-43.62232421;0.03387555;-0.00854518
-43.60184421;0.03387555;-0.00854518
-43.58136421;0.03387555;-0.00854518
-43.56088421;0.03387555;-0.00854518
-43.54040421;0.03387555;-0.00854518
-43.51992421;-0.05432295;-0.00854518
-43.49944421;0.03387555;-0.00854518
-43.47896421;0.03387555;-0.00854518
-43.45848421;0.03387555;-0.00854518
-43.43800421;-0.05432295;-0.00854518
-43.41752421;0.03387555;-0.00854518
-43.39704421;0.03387555;-0.00854518
-43.37656421;0.03387555;-0.00854518
-43.35608421;-0.05432295;-0.00854518
-43.33560421;0.03387555;-0.00854518
-43.31512421;0.03387555;-0.00854518
-43.29464421;0.03387555;-0.00854518
-43.27416421;-0.05432295;-0.00854518
-43.25368421;0.03387555;-0.00854518
-43.23320421;0.03387555;-0.00854518
-43.21272421;0.03387555;-0.00854518
-43.19224421;0.03387555;-0.00854518
-43.17176421;0.03387555;-0.00854518
-43.15128421;-0.05432295;-0.00854518
-43.13080421;0.03387555;-0.00854518
-43.11032421;-0.05432295;-0.00854518
-43.08984421;0.03387555;-0.00854518
-43.06936421;0.03387555;-0.00854518
-43.04888421;0.03387555;-0.00854518
-43.02840421;0.03387555;-0.00854518
-43.00792421;0.03387555;-0.00854518
-42.98744421;0.03387555;-0.00854518
-42.96696421;0.03387555;-0.00854518
-42.94648421;0.03387555;-0.00854518
-42.92600421;0.03387555;-0.00854518
-42.90552421;0.03387555;-0.00854518
-42.88504421;-0.05432295;0.08026368
-42.86456421;-0.05432295;-0.00854518
-42.84408421;0.03387555;-0.00854518
-42.82360421;0.03387555;-0.00854518
-42.80312421;0.03387555;-0.00854518
-42.78264421;0.03387555;-0.00854518
-42.76216421;0.03387555;-0.00854518
-42.74168421;0.03387555;-0.00854518
-42.72120421;0.03387555;-0.00854518
-42.70072421;0.03387555;-0.00854518
-42.68024421;0.03387555;0.08026368
-42.65976421;0.03387555;-0.00854518
-42.63928421;0.03387555;-0.00854518
-42.61880421;-0.05432295;-0.00854518
-42.59832421;-0.05432295;-0.00854518
-42.57784421;0.03387555;-0.00854518
-42.55736422;-0.05432295;-0.00854518
-42.53688422;0.03387555;0.08026368
-42.51640422;0.03387555;-0.00854518
-42.49592422;0.03387555;-0.00854518
-42.47544422;0.03387555;-0.00854518
-42.45496422;0.03387555;-0.00854518
-42.43448422;0.03387555;-0.00854518
-42.41400422;0.03387555;-0.00854518
-42.39352422;0.03387555;0.08026368
-42.37304422;0.03387555;-0.00854518
-42.35256422;-0.05432295;-0.00854518
-42.33208422;0.03387555;-0.00854518
-42.31160422;0.03387555;-0.00854518
-42.29112422;-0.05432295;-0.00854518
-42.27064422;-0.05432295;0.08026368
-42.25016422;0.03387555;-0.00854518
-42.22968422;0.03387555;-0.00854518
-42.20920422;0.03387555;-0.00854518
-42.18872422;0.03387555;-0.00854518
-42.16824422;0.03387555;-0.00854518
-42.14776422;0.03387555;-0.00854518
-42.12728422;0.03387555;-0.00854518
-42.10680422;0.03387555;-0.00854518
-42.08632422;0.03387555;0.08026368
-42.06584422;-0.05432295;-0.00854518
-42.04536422;0.03387555;-0.00854518
-42.02488422;0.03387555;-0.00854518
-42.00440422;0.03387555;-0.00854518
-41.98392422;0.03387555;-0.00854518
-41.96344422;0.03387555;-0.00854518
-41.94296422;0.03387555;-0.00854518
-41.92248422;-0.05432295;0.08026368
-41.90200422;0.03387555;-0.00854518
-41.88152422;0.03387555;-0.00854518
-41.86104422;0.03387555;-0.00854518
-41.84056422;0.03387555;-0.00854518
-41.82008422;0.03387555;-0.00854518
-41.79960422;0.03387555;-0.00854518
-41.77912422;-0.05432295;-0.00854518
-41.75864422;-0.05432295;-0.00854518
-41.73816422;0.03387555;-0.00854518
-41.71768422;-0.05432295;-0.00854518
-41.69720422;0.03387555;-0.00854518
-41.67672422;0.03387555;-0.00854518
-41.65624422;0.03387555;-0.00854518
-41.63576422;-0.05432295;-0.00854518
-41.61528422;0.03387555;-0.00854518
-41.59480422;-0.05432295;-0.00854518
-41.57432422;0.03387555;0.08026368
-41.55384422;0.03387555;-0.00854518
-41.53336422;0.03387555;-0.00854518
-41.51288422;0.03387555;-0.00854518
-41.49240422;-0.05432295;0.08026368
-41.47192422;0.03387555;-0.00854518
-41.45144422;0.03387555;-0.00854518
-41.43096422;0.03387555;-0.00854518
-41.41048422;-0.05432295;0.08026368
-41.39000422;0.03387555;-0.00854518
-41.36952422;0.03387555;-0.00854518
-41.34904422;0.03387555;-0.00854518
-41.32856422;-0.05432295;-0.00854518
-41.30808422;0.03387555;-0.00854518
-41.28760422;0.03387555;-0.00854518
-41.26712422;0.03387555;-0.00854518
-41.24664422;0.03387555;-0.00854518
-41.22616422;0.03387555;-0.00854518
-41.20568422;-0.05432295;-0.00854518
-41.18520422;0.03387555;-0.00854518
-41.16472422;-0.05432295;-0.00854518
-41.14424422;0.03387555;-0.00854518
-41.12376422;-0.05432295;-0.00854518
-41.10328422;-0.05432295;-0.00854518
-41.08280422;0.03387555;-0.00854518
-41.06232422;0.03387555;-0.00854518
-41.04184422;-0.05432295;-0.00854518
-41.02136422;0.03387555;-0.00854518
-41.00088422;0.03387555;-0.00854518
-40.98040422;0.03387555;-0.00854518
-40.95992422;-0.05432295;-0.00854518
-40.93944422;0.03387555;-0.00854518
-40.91896423;0.03387555;-0.00854518
-40.89848423;0.03387555;-0.00854518
-40.87800423;0.03387555;-0.00854518
-40.85752423;0.03387555;0.08026368
-40.83704423;-0.05432295;0.08026368
-40.81656423;0.03387555;0.08026368
-40.79608423;0.03387555;-0.00854518
-40.77560423;0.03387555;-0.00854518
-40.75512423;-0.05432295;0.08026368
-40.73464423;0.03387555;-0.00854518
-40.71416423;0.03387555;-0.00854518
-40.69368423;0.03387555;-0.00854518
-40.67320423;-0.05432295;-0.00854518
-40.65272423;-0.05432295;-0.00854518
-40.63224423;0.03387555;-0.00854518
-40.61176423;0.03387555;-0.00854518
-40.59128423;0.03387555;-0.00854518
-40.57080423;0.03387555;0.08026368
-40.55032423;-0.05432295;-0.00854518
-40.52984423;0.03387555;-0.00854518
-40.50936423;0.03387555;-0.00854518
-40.48888423;0.03387555;0.08026368
-40.46840423;0.03387555;-0.00854518
-40.44792423;-0.05432295;-0.00854518
-40.42744423;-0.05432295;0.08026368
-40.40696423;-0.05432295;-0.00854518
-40.38648423;-0.05432295;-0.00854518
-40.36600423;0.03387555;-0.00854518
-40.34552423;0.03387555;-0.00854518
-40.32504423;0.03387555;-0.00854518
-40.30456423;0.03387555;-0.00854518
-40.28408423;0.03387555;-0.00854518
-40.26360423;0.03387555;-0.00854518
-40.24312423;0.03387555;-0.00854518
-40.22264423;0.03387555;0.08026368
-40.20216423;0.03387555;-0.00854518
-40.18168423;-0.05432295;-0.00854518
-40.16120423;0.03387555;-0.00854518
-40.14072423;0.03387555;0.08026368
-40.12024423;-0.05432295;-0.00854518
-40.09976423;-0.05432295;-0.00854518
-40.07928423;0.03387555;-0.00854518
-40.05880423;0.03387555;-0.00854518
-40.03832423;0.03387555;-0.00854518
-40.01784423;0.03387555;-0.00854518
-39.99736423;2.06122000;-0.00854518
-39.97688423;2.06122000;-0.00854518
-39.95640423;2.06122000;-0.00854518
-39.93592423;2.06122000;-0.00854518
-39.91544423;2.06122000;-0.00854518
-39.89496423;2.06122000;-0.00854518
-39.87448423;2.06122000;-0.00854518
-39.85400423;2.06122000;-0.00854518
-39.83352423;2.06122000;-0.00854518
-39.81304423;2.06122000;-0.00854518
-39.79256423;2.06122000;-0.00854518
-39.77208423;2.06122000;-0.00854518
-39.75160423;2.06122000;-0.00854518
-39.73112423;2.06122000;-0.00854518
-39.71064423;2.06122000;-0.00854518
-39.69016423;2.06122000;-0.00854518
-39.66968423;2.06122000;-0.00854518
-39.64920423;2.06122000;-0.00854518
-39.62872423;2.06122000;-0.00854518
-39.60824423;2.14941900;-0.00854518
-39.58776423;2.06122000;-0.00854518
-39.56728423;2.06122000;-0.00854518
-39.54680423;2.06122000;-0.00854518
-39.52632423;2.06122000;-0.00854518
-39.50584423;2.06122000;-0.00854518
-39.48536423;2.06122000;-0.00854518
-39.46488423;2.06122000;-0.00854518
-39.44440423;2.06122000;-0.00854518
-39.42392423;2.06122000;-0.00854518
-39.40344423;2.06122000;-0.00854518
-39.38296423;2.06122000;-0.00854518
-39.36248423;2.06122000;-0.00854518
-39.34200423;2.14941900;-0.00854518
-39.32152423;2.06122000;-0.00854518
-39.30104423;2.06122000;-0.00854518
-39.28056424;2.14941900;-0.00854518
-39.26008424;2.06122000;-0.00854518
-39.23960424;2.14941900;-0.00854518
-39.21912424;2.06122000;-0.00854518
-39.19864424;2.14941900;-0.00854518
-39.17816424;2.14941900;-0.00854518
-39.15768424;2.06122000;-0.00854518
-39.13720424;2.14941900;-0.00854518
-39.11672424;2.14941900;-0.00854518
-39.09624424;2.14941900;-0.00854518
-39.07576424;2.06122000;-0.00854518
-39.05528424;2.06122000;-0.00854518
-39.03480424;2.14941900;-0.00854518
-39.01432424;2.14941900;-0.00854518
-38.99384424;2.14941900;-0.00854518
-38.97336424;2.14941900;-0.00854518
-38.95288424;2.14941900;-0.00854518
-38.93240424;2.14941900;-0.00854518
-38.91192424;2.14941900;-0.00854518
-38.89144424;2.14941900;-0.00854518
-38.87096424;2.14941900;-0.00854518
-38.85048424;2.14941900;-0.00854518
-38.83000424;2.14941900;-0.00854518
-38.80952424;2.14941900;-0.00854518
-38.78904424;2.14941900;-0.00854518
-38.76856424;2.14941900;-0.00854518
-38.74808424;2.14941900;-0.00854518
-38.72760424;2.14941900;-0.00854518
-38.70712424;2.14941900;-0.00854518
-38.68664424;2.23761700;-0.00854518
-38.66616424;2.14941900;-0.00854518
-38.64568424;2.14941900;-0.00854518
-38.62520424;2.23761700;-0.00854518
-38.60472424;2.14941900;-0.00854518
-38.58424424;2.14941900;-0.00854518
-38.56376424;2.23761700;-0.00854518
-38.54328424;2.23761700;-0.00854518
-38.52280424;2.23761700;-0.00854518
-38.50232424;2.14941900;-0.00854518
-38.48184424;2.14941900;-0.00854518
-38.46136424;2.14941900;-0.00854518
-38.44088424;2.23761700;-0.00854518
-38.42040424;2.23761700;-0.00854518
-38.39992424;2.14941900;-0.00854518
-38.37944424;2.23761700;-0.00854518
-38.35896424;2.23761700;-0.00854518
-38.33848424;2.23761700;-0.00854518
-38.31800424;2.23761700;-0.00854518
-38.29752424;2.14941900;-0.00854518
-38.27704424;2.23761700;-0.00854518
-38.25656424;2.14941900;-0.00854518
-38.23608424;2.23761700;-0.00854518
-38.21560424;2.23761700;-0.00854518
-38.19512424;2.23761700;-0.00854518
-38.17464424;2.23761700;-0.00854518
-38.15416424;2.23761700;-0.00854518
-38.13368424;2.23761700;0.08026368
-38.11320424;2.23761700;-0.00854518
-38.09272424;2.23761700;-0.00854518
-38.07224424;2.23761700;-0.00854518
-38.05176424;2.23761700;-0.00854518
-38.03128424;2.23761700;-0.00854518
-38.01080424;2.23761700;0.08026368
-37.99032424;2.23761700;-0.00854518
-37.96984424;2.23761700;0.08026368
-37.94936424;2.23761700;-0.00854518
-37.92888424;2.23761700;-0.00854518
-37.90840424;2.23761700;-0.00854518
-37.88792424;2.23761700;-0.00854518
-37.86744424;2.23761700;0.08026368
-37.84696424;2.23761700;-0.00854518
-37.82648424;2.23761700;-0.00854518
-37.80600424;2.23761700;0.08026368
-37.78552424;2.23761700;0.08026368
-37.76504424;2.23761700;0.08026368
-37.74456424;2.23761700;-0.00854518
-37.72408424;2.23761700;-0.00854518
-37.70360424;2.23761700;-0.00854518
-37.68312424;2.23761700;0.08026368
-37.66264424;2.32581600;-0.00854518
-37.64216424;2.23761700;-0.00854518
-37.62168425;2.23761700;0.08026368
-37.60120425;2.32581600;0.08026368
-37.58072425;2.32581600;0.08026368
-37.56024425;2.32581600;0.08026368
-37.53976425;2.32581600;0.08026368
-37.51928425;2.23761700;0.08026368
-37.49880425;2.32581600;0.08026368
-37.47832425;2.32581600;0.08026368
-37.45784425;2.32581600;-0.00854518
-37.43736425;2.32581600;0.08026368
-37.41688425;2.32581600;0.08026368
-37.39640425;2.32581600;0.08026368
-37.37592425;2.32581600;0.08026368
-37.35544425;2.32581600;0.08026368
-37.33496425;2.32581600;0.08026368
-37.31448425;2.32581600;0.08026368
-37.29400425;2.32581600;0.08026368
-37.27352425;2.32581600;0.08026368
-37.25304425;2.32581600;0.08026368
-37.23256425;2.32581600;0.08026368
-37.21208425;2.32581600;0.08026368
-37.19160425;2.32581600;0.08026368
-37.17112425;2.32581600;0.08026368
-37.15064425;2.32581600;0.08026368
-37.13016425;2.32581600;0.08026368
-37.10968425;2.32581600;0.08026368
-37.08920425;2.32581600;0.08026368
-37.06872425;2.32581600;0.08026368
-37.04824425;2.32581600;0.08026368
-37.02776425;2.32581600;0.08026368
-37.00728425;2.32581600;0.08026368
-36.98680425;2.32581600;0.08026368
-36.96632425;2.32581600;0.08026368
-36.94584425;2.32581600;0.08026368
-36.92536425;2.32581600;0.08026368
-36.90488425;2.32581600;0.08026368
-36.88440425;2.32581600;0.08026368
-36.86392425;2.32581600;0.08026368
-36.84344425;2.32581600;0.16876740
-36.82296425;2.32581600;0.08026368
-36.80248425;2.32581600;0.16876740
-36.78200425;2.32581600;0.08026368
-36.76152425;2.32581600;0.08026368
-36.74104425;2.32581600;0.08026368
-36.72056425;2.32581600;0.08026368
-36.70008425;2.32581600;0.08026368
-36.67960425;2.32581600;0.16876740
-36.65912425;2.32581600;0.08026368
-36.63864425;2.41401400;0.16876740
-36.61816425;2.41401400;0.16876740
-36.59768425;2.32581600;0.08026368
-36.57720425;2.32581600;0.16876740
-36.55672425;2.41401400;0.16876740
-36.53624425;2.41401400;0.08026368
-36.51576425;2.32581600;0.08026368
-36.49528425;2.41401400;0.16876740
-36.47480425;2.41401400;0.16876740
-36.45432425;2.41401400;0.08026368
-36.43384425;2.32581600;0.16876740
-36.41336425;2.32581600;0.08026368
-36.39288425;2.41401400;0.08026368
-36.37240425;2.41401400;0.08026368
-36.35192425;2.41401400;0.16876740
-36.33144425;2.41401400;0.16876740
-36.31096425;2.41401400;0.08026368
-36.29048425;2.41401400;0.16876740
-36.27000425;2.41401400;0.08026368
-36.24952425;2.41401400;0.16876740
-36.22904425;2.41401400;0.16876740
-36.20856425;2.41401400;0.08026368
-36.18808425;2.41401400;0.08026368
-36.16760425;2.41401400;0.16876740
-36.14712425;2.41401400;0.16876740
-36.12664425;2.41401400;0.16876740
-36.10616425;2.41401400;0.16876740
-36.08568425;2.41401400;0.16876740
-36.06520425;2.41401400;0.08026368
-36.04472425;2.41401400;0.16876740
-36.02424425;2.41401400;0.16876740
-36.00376425;2.41401400;0.16876740
-35.98328426;2.41401400;0.16876740
-35.96280426;2.41401400;0.16876740
-35.94232426;2.41401400;0.16876740
-35.92184426;2.41401400;0.16876740
-35.90136426;2.41401400;0.16876740
-35.88088426;2.50190700;0.16876740
-35.86040426;2.50190700;0.16876740
-35.83992426;2.41401400;0.08026368
-35.81944426;2.41401400;0.16876740
-35.79896426;2.41401400;0.16876740
-35.77848426;2.41401400;0.16876740
-35.75800426;2.41401400;0.08026368
-35.73752426;2.41401400;0.08026368
-35.71704426;2.41401400;0.16876740
-35.69656426;2.41401400;0.16876740
-35.67608426;2.41401400;0.16876740
-35.65560426;2.41401400;0.16876740
-35.63512426;2.41401400;0.16876740
-35.61464426;2.41401400;0.08026368
-35.59416426;2.50190700;0.16876740
-35.57368426;2.50190700;0.16876740
-35.55320426;2.50190700;0.16876740
-35.53272426;2.41401400;0.16876740
-35.51224426;2.50190700;0.16876740
-35.49176426;2.50190700;0.16876740
-35.47128426;2.50190700;0.16876740
-35.45080426;2.50190700;0.16876740
-35.43032426;2.50190700;0.16876740
-35.40984426;2.50190700;0.16876740
-35.38936426;2.50190700;0.16876740
-35.36888426;2.41401400;0.16876740
-35.34840426;2.50190700;0.16876740
-35.32792426;2.50190700;0.16876740
-35.30744426;2.50190700;0.16876740
-35.28696426;2.50190700;0.16876740
-35.26648426;2.50190700;0.16876740
-35.24600426;2.50190700;0.16876740
-35.22552426;2.50190700;0.16876740
-35.20504426;2.50190700;0.16876740
-35.18456426;2.50190700;0.16876740
-35.16408426;2.50190700;0.08026368
-35.14360426;2.50190700;0.16876740
-35.12312426;2.50190700;0.16876740
-35.10264426;2.50190700;0.16876740
-35.08216426;2.59010600;0.16876740
-35.06168426;2.59010600;0.16876740
-35.04120426;2.59010600;0.08026368
-35.02072426;2.59010600;0.16876740
-35.00024426;2.59010600;0.16876740
-34.97976426;2.50190700;0.16876740
-34.95928426;2.59010600;0.16876740
-34.93880426;2.59010600;0.16876740
-34.91832426;2.59010600;0.16876740
-34.89784426;2.50190700;0.16876740
-34.87736426;2.59010600;0.16876740
-34.85688426;2.59010600;0.16876740
-34.83640426;2.59010600;0.16876740
-34.81592426;2.59010600;0.16876740
-34.79544426;2.50190700;0.16876740
-34.77496426;2.59010600;0.16876740
-34.75448426;2.59010600;0.16876740
-34.73400426;2.59010600;0.16876740
-34.71352426;2.59010600;0.16876740
-34.69304426;2.59010600;0.16876740
-34.67256426;2.59010600;0.16876740
-34.65208426;2.59010600;0.16876740
-34.63160426;2.59010600;0.16876740
-34.61112426;2.59010600;0.16876740
-34.59064426;2.59010600;0.16876740
-34.57016426;2.59010600;0.16876740
-34.54968426;2.59010600;0.16876740
-34.52920426;2.59010600;0.16876740
-34.50872426;2.59010600;0.16876740
-34.48824426;2.67830400;0.16876740
-34.46776426;2.59010600;0.16876740
-34.44728426;2.59010600;0.16876740
-34.42680426;2.59010600;0.16876740
-34.40632426;2.59010600;0.16876740
-34.38584426;2.59010600;0.16876740
-34.36536426;2.59010600;0.16876740
-34.34488427;2.67830400;0.16876740
-34.32440427;2.59010600;0.16876740
-34.30392427;2.67830400;0.16876740
-34.28344427;2.59010600;0.16876740
-34.26296427;2.59010600;0.16876740
-34.24248427;2.59010600;0.16876740
-34.22200427;2.59010600;0.16876740
-34.20152427;2.59010600;0.16876740
-34.18104427;2.59010600;0.16876740
-34.16056427;2.59010600;0.16876740
-34.14008427;2.67830400;0.16876740
-34.11960427;2.59010600;0.16876740
-34.09912427;2.59010600;0.16876740
-34.07864427;2.59010600;0.16876740
-34.05816427;2.67830400;0.16876740
-34.03768427;2.67830400;0.16876740
-34.01720427;2.67830400;0.16876740
-33.99672427;2.67830400;0.16876740
-33.97624427;2.67830400;0.16876740
-33.95576427;2.67830400;0.16876740
-33.93528427;2.67830400;0.16876740
-33.91480427;2.67830400;0.25727100
-33.89432427;2.67830400;0.25727100
-33.87384427;2.67830400;0.25727100
-33.85336427;2.67830400;0.25727100
-33.83288427;2.67830400;0.16876740
-33.81240427;2.67830400;0.16876740
-33.79192427;2.67830400;0.25727100
-33.77144427;2.67830400;0.25727100
-33.75096427;2.67830400;0.25727100
-33.73048427;2.67830400;0.25727100
-33.71000427;2.67830400;0.25727100
-33.68952427;2.67830400;0.25727100
-33.66904427;2.67830400;0.25727100
-33.64856427;2.67830400;0.25727100
-33.62808427;2.67830400;0.25727100
-33.60760427;2.67830400;0.34607990
-33.58712427;2.67830400;0.25727100
-33.56664427;2.67830400;0.34607990
-33.54616427;2.67830400;0.34607990
-33.52568427;2.67830400;0.25727100
-33.50520427;2.67830400;0.34607990
-33.48472427;2.67830400;0.34607990
-33.46424427;2.67830400;0.34607990
-33.44376427;2.67830400;0.34607990
-33.42328427;2.76650300;0.34607990
-33.40280427;2.67830400;0.34607990
-33.38232427;2.67830400;0.34607990
-33.36184427;2.67830400;0.34607990
-33.34136427;2.76650300;0.34607990
-33.32088427;2.67830400;0.34607990
-33.30040427;2.67830400;0.34607990
-33.27992427;2.76650300;0.34607990
-33.25944427;2.67830400;0.34607990
-33.23896427;2.76650300;0.34607990
-33.21848427;2.76650300;0.34607990
-33.19800427;2.76650300;0.34607990
-33.17752427;2.76650300;0.34607990
-33.15704427;2.67830400;0.34607990
-33.13656427;2.76650300;0.34607990
-33.11608427;2.67830400;0.34607990
-33.09560427;2.76650300;0.34607990
-33.07512427;2.67830400;0.43488880
-33.05464427;2.76650300;0.34607990
-33.03416427;2.76650300;0.34607990
-33.01368427;2.76650300;0.43488880
-32.99320427;2.76650300;0.43488880
-32.97272427;2.67830400;0.43488880
-32.95224427;2.76650300;0.43488880
-32.93176427;2.76650300;0.43488880
-32.91128427;2.76650300;0.43488880
-32.89080427;2.76650300;0.43488880
-32.87032427;2.76650300;0.43488880
-32.84984427;2.76650300;0.43488880
-32.82936427;2.76650300;0.43488880
-32.80888427;2.76650300;0.43488880
-32.78840427;2.76650300;0.43488880
-32.76792427;2.76650300;0.43488880
-32.74744427;2.76650300;0.52339240
-32.72696427;2.76650300;0.52339240
-32.70648427;2.76650300;0.52339240
-32.68600428;2.76650300;0.52339240
-32.66552428;2.76650300;0.52339240
-32.64504428;2.76650300;0.52339240
-32.62456428;2.76650300;0.52339240
-32.60408428;2.76650300;0.52339240
-32.58360428;2.76650300;0.52339240
-32.56312428;2.76650300;0.52339240
-32.54264428;2.76650300;0.52339240
-32.52216428;2.76650300;0.52339240
-32.50168428;2.76650300;0.52339240
-32.48120428;2.76650300;0.52339240
-32.46072428;2.76650300;0.52339240
-32.44024428;2.76650300;0.52339240
-32.41976428;2.76650300;0.52339240
-32.39928428;2.76650300;0.52339240
-32.37880428;2.76650300;0.52339240
-32.35832428;2.76650300;0.52339240
-32.33784428;2.76650300;0.52339240
-32.31736428;2.76650300;0.52339240
-32.29688428;2.76650300;0.52339240
-32.27640428;2.76650300;0.52339240
-32.25592428;2.76650300;0.52339240
-32.23544428;2.76650300;0.52339240
-32.21496428;2.76650300;0.52339240
-32.19448428;2.76650300;0.52339240
-32.17400428;2.76650300;0.52339240
-32.15352428;2.76650300;0.52339240
-32.13304428;2.76650300;0.52339240
-32.11256428;2.85470100;0.52339240
-32.09208428;2.76650300;0.52339240
-32.07160428;2.85470100;0.52339240
-32.05112428;2.76650300;0.61220130
-32.03064428;2.85470100;0.52339240
-32.01016428;2.76650300;0.52339240
-31.98968428;2.76650300;0.61220130
-31.96920428;2.85470100;0.61220130
-31.94872428;2.85470100;0.52339240
-31.92824428;2.85470100;0.61220130
-31.90776428;2.85470100;0.61220130
-31.88728428;2.76650300;0.61220130
-31.86680428;2.85470100;0.61220130
-31.84632428;2.85470100;0.61220130
-31.82584428;2.76650300;0.61220130
-31.80536428;2.85470100;0.52339240
-31.78488428;2.85470100;0.61220130
-31.76440428;2.85470100;0.61220130
-31.74392428;2.85470100;0.61220130
-31.72344428;2.76650300;0.61220130
-31.70296428;2.85470100;0.52339240
-31.68248428;2.85470100;0.61220130
-31.66200428;2.85470100;0.61220130
-31.64152428;2.85470100;0.61220130
-31.62104428;2.85470100;0.52339240
-31.60056428;2.85470100;0.61220130
-31.58008428;2.85470100;0.61220130
-31.55960428;2.85470100;0.61220130
-31.53912428;2.85470100;0.61220130
-31.51864428;2.85470100;0.61220130
-31.49816428;2.85470100;0.61220130
-31.47768428;2.85470100;0.61220130
-31.45720428;2.94290000;0.61220130
-31.43672428;2.85470100;0.61220130
-31.41624428;2.94290000;0.61220130
-31.39576428;2.85470100;0.70101020
-31.37528428;2.85470100;0.61220130
-31.35480428;2.85470100;0.61220130
-31.33432428;2.85470100;0.61220130
-31.31384428;2.94290000;0.61220130
-31.29336428;2.94290000;0.61220130
-31.27288428;2.94290000;0.61220130
-31.25240428;2.94290000;0.61220130
-31.23192428;2.94290000;0.70101020
-31.21144428;2.94290000;0.70101020
-31.19096428;2.94290000;0.61220130
-31.17048428;2.94290000;0.70101020
-31.15000428;2.94290000;0.70101020
-31.12952428;2.94290000;0.70101020
-31.10904428;2.94290000;0.61220130
-31.08856428;2.94290000;0.61220130
-31.06808428;2.94290000;0.70101020
-31.04760429;2.94290000;0.70101020
-31.02712429;2.94290000;0.61220130
-31.00664429;2.94290000;0.61220130
-30.98616429;2.94290000;0.61220130
-30.96568429;2.94290000;0.70101020
-30.94520429;2.94290000;0.70101020
-30.92472429;2.94290000;0.70101020
-30.90424429;2.94290000;0.61220130
-30.88376429;2.94290000;0.61220130
-30.86328429;2.94290000;0.61220130
-30.84280429;2.94290000;0.70101020
-30.82232429;2.94290000;0.61220130
-30.80184429;2.94290000;0.70101020
-30.78136429;2.94290000;0.61220130
-30.76088429;2.94290000;0.61220130
-30.74040429;2.94290000;0.70101020
-30.71992429;2.94290000;0.61220130
-30.69944429;2.94290000;0.61220130
-30.67896429;2.94290000;0.61220130
-30.65848429;3.03109800;0.61220130
-30.63800429;3.03109800;0.61220130
-30.61752429;2.94290000;0.61220130
-30.59704429;2.94290000;0.61220130
-30.57656429;3.03109800;0.61220130
-30.55608429;3.03109800;0.70101020
-30.53560429;2.94290000;0.61220130
-30.51512429;2.94290000;0.61220130
-30.49464429;2.94290000;0.61220130
-30.47416429;2.94290000;0.61220130
-30.45368429;3.03109800;0.61220130
-30.43320429;2.94290000;0.61220130
-30.41272429;2.94290000;0.70101020
-30.39224429;3.03109800;0.61220130
-30.37176429;2.94290000;0.70101020
-30.35128429;3.03109800;0.70101020
-30.33080429;3.03109800;0.61220130
-30.31032429;3.03109800;0.70101020
-30.28984429;3.03109800;0.70101020
-30.26936429;3.03109800;0.70101020
-30.24888429;2.94290000;0.61220130
-30.22840429;3.03109800;0.70101020
-30.20792429;3.03109800;0.61220130
-30.18744429;3.03109800;0.61220130
-30.16696429;3.03109800;0.70101020
-30.14648429;3.03109800;0.70101020
-30.12600429;3.03109800;0.61220130
-30.10552429;3.03109800;0.61220130
-30.08504429;3.03109800;0.61220130
-30.06456429;3.03109800;0.61220130
-30.04408429;3.03109800;0.61220130
-30.02360429;3.03109800;0.61220130
-30.00312429;3.03109800;0.61220130
-29.98264429;3.03109800;0.61220130
-29.96216429;3.03109800;0.61220130
-29.94168429;3.03109800;0.70101020
-29.92120429;3.03109800;0.61220130
-29.90072429;3.03109800;0.70101020
-29.88024429;3.03109800;0.61220130
-29.85976429;3.03109800;0.61220130
-29.83928429;3.03109800;0.61220130
-29.81880429;3.03109800;0.70101020
-29.79832429;3.03109800;0.70101020
-29.77784429;3.03109800;0.61220130
-29.75736429;3.03109800;0.61220130
-29.73688429;3.03109800;0.61220130
-29.71640429;3.03109800;0.70101020
-29.69592429;3.11929700;0.61220130
-29.67544429;3.03109800;0.70101020
-29.65496429;3.03109800;0.61220130
-29.63448429;3.03109800;0.61220130
-29.61400429;3.03109800;0.70101020
-29.59352429;3.03109800;0.70101020
-29.57304429;3.03109800;0.61220130
-29.55256429;3.03109800;0.61220130
-29.53208429;3.11929700;0.70101020
-29.51160429;3.11929700;0.70101020
-29.49112429;3.03109800;0.70101020
-29.47064429;3.03109800;0.70101020
-29.45016429;3.11929700;0.70101020
-29.42968429;3.11929700;0.70101020
-29.40920430;3.03109800;0.70101020
-29.38872430;3.11929700;0.70101020
-29.36824430;3.11929700;0.70101020
-29.34776430;3.11929700;0.70101020
-29.32728430;3.03109800;0.70101020
-29.30680430;3.11929700;0.70101020
-29.28632430;3.11929700;0.70101020
-29.26584430;3.11929700;0.70101020
-29.24536430;3.11929700;0.70101020
-29.22488430;3.11929700;0.70101020
-29.20440430;3.11929700;0.70101020
-29.18392430;3.11929700;0.70101020
-29.16344430;3.11929700;0.70101020
-29.14296430;3.11929700;0.70101020
-29.12248430;3.11929700;0.70101020
-29.10200430;3.11929700;0.70101020
-29.08152430;3.11929700;0.70101020
-29.06104430;3.11929700;0.70101020
-29.04056430;3.11929700;0.70101020
-29.02008430;3.11929700;0.78951380
-28.99960430;3.11929700;0.78951380
-28.97912430;3.11929700;0.78951380
-28.95864430;3.11929700;0.78951380
-28.93816430;3.11929700;0.78951380
-28.91768430;3.11929700;0.87832270
-28.89720430;3.11929700;0.78951380
-28.87672430;3.11929700;0.78951380
-28.85624430;3.11929700;0.78951380
-28.83576430;3.11929700;0.78951380
-28.81528430;3.11929700;0.78951380
-28.79480430;3.11929700;0.78951380
-28.77432430;3.11929700;0.87832270
-28.75384430;3.11929700;0.87832270
-28.73336430;3.11929700;0.87832270
-28.71288430;3.11929700;0.87832270
-28.69240430;3.11929700;0.87832270
-28.67192430;3.11929700;0.87832270
-28.65144430;3.11929700;0.87832270
-28.63096430;3.11929700;0.87832270
-28.61048430;3.11929700;0.96713160
-28.59000430;3.11929700;0.87832270
-28.56952430;3.11929700;0.96713160
-28.54904430;3.11929700;0.96713160
-28.52856430;3.11929700;0.96713160
-28.50808430;3.11929700;0.96713160
-28.48760430;3.11929700;1.05563500
-28.46712430;3.11929700;0.96713160
-28.44664430;3.11929700;1.05563500
-28.42616430;3.11929700;1.05563500
-28.40568430;3.11929700;1.05563500
-28.38520430;3.11929700;1.05563500
-28.36472430;3.11929700;1.05563500
-28.34424430;3.20719000;1.05563500
-28.32376430;3.11929700;1.05563500
-28.30328430;3.11929700;1.05563500
-28.28280430;3.11929700;1.05563500
-28.26232430;3.20719000;1.05563500
-28.24184430;3.20719000;1.14444400
-28.22136430;3.20719000;1.14444400
-28.20088430;3.20719000;1.14444400
-28.18040430;3.20719000;1.14444400
-28.15992430;3.11929700;1.14444400
-28.13944430;3.20719000;1.14444400
-28.11896430;3.20719000;1.14444400
-28.09848430;3.11929700;1.14444400
-28.07800430;3.20719000;1.23325300
-28.05752430;3.20719000;1.23325300
-28.03704430;3.20719000;1.14444400
-28.01656430;3.20719000;1.23325300
-27.99608430;3.20719000;1.23325300
-27.97560430;3.20719000;1.23325300
-27.95512430;3.20719000;1.23325300
-27.93464430;3.20719000;1.23325300
-27.91416430;3.20719000;1.23325300
-27.89368430;3.20719000;1.23325300
-27.87320430;3.20719000;1.23325300
-27.85272430;3.20719000;1.23325300
-27.83224430;3.20719000;1.23325300
-27.81176430;3.20719000;1.23325300
-27.79128430;3.20719000;1.23325300
-27.77080430;3.20719000;1.32175700
-27.75032431;3.20719000;1.41056500
-27.72984431;3.20719000;1.32175700
-27.70936431;3.20719000;1.32175700
-27.68888431;3.20719000;1.32175700
-27.66840431;3.20719000;1.32175700
-27.64792431;3.20719000;1.41056500
-27.62744431;3.29538900;1.41056500
-27.60696431;3.20719000;1.41056500
-27.58648431;3.29538900;1.41056500
-27.56600431;3.20719000;1.41056500
-27.54552431;3.20719000;1.41056500
-27.52504431;3.20719000;1.41056500
-27.50456431;3.29538900;1.41056500
-27.48408431;3.20719000;1.41056500
-27.46360431;3.29538900;1.41056500
-27.44312431;3.29538900;1.41056500
-27.42264431;3.29538900;1.41056500
-27.40216431;3.29538900;1.41056500
-27.38168431;3.29538900;1.49937400
-27.36120431;3.20719000;1.41056500
-27.34072431;3.20719000;1.41056500
-27.32024431;3.29538900;1.49937400
-27.29976431;3.29538900;1.49937400
-27.27928431;3.29538900;1.41056500
-27.25880431;3.29538900;1.49937400
-27.23832431;3.29538900;1.41056500
-27.21784431;3.29538900;1.41056500
-27.19736431;3.29538900;1.49937400
-27.17688431;3.29538900;1.41056500
-27.15640431;3.29538900;1.49937400
-27.13592431;3.29538900;1.49937400
-27.11544431;3.29538900;1.41056500
-27.09496431;3.29538900;1.49937400
-27.07448431;3.29538900;1.41056500
-27.05400431;3.29538900;1.49937400
-27.03352431;3.29538900;1.49937400
-27.01304431;3.38358700;1.41056500
-26.99256431;3.38358700;1.41056500
-26.97208431;3.38358700;1.41056500
-26.95160431;3.29538900;1.41056500
-26.93112431;3.29538900;1.41056500
-26.91064431;3.29538900;1.49937400
-26.89016431;3.29538900;1.49937400
-26.86968431;3.29538900;1.49937400
-26.84920431;3.38358700;1.49937400
-26.82872431;3.29538900;1.49937400
-26.80824431;3.38358700;1.49937400
-26.78776431;3.38358700;1.49937400
-26.76728431;3.29538900;1.49937400
-26.74680431;3.29538900;1.49937400
-26.72632431;3.29538900;1.49937400
-26.70584431;3.38358700;1.49937400
-26.68536431;3.38358700;1.49937400
-26.66488431;3.38358700;1.49937400
-26.64440431;3.38358700;1.49937400
-26.62392431;3.29538900;1.49937400
-26.60344431;3.38358700;1.49937400
-26.58296431;3.38358700;1.49937400
-26.56248431;3.38358700;1.49937400
-26.54200431;3.38358700;1.49937400
-26.52152431;3.38358700;1.49937400
-26.50104431;3.38358700;1.41056500
-26.48056431;3.38358700;1.49937400
-26.46008431;3.29538900;1.41056500
-26.43960431;3.38358700;1.49937400
-26.41912431;3.38358700;1.49937400
-26.39864431;3.38358700;1.41056500
-26.37816431;3.38358700;1.49937400
-26.35768431;3.38358700;1.49937400
-26.33720431;3.38358700;1.41056500
-26.31672431;3.38358700;1.49937400
-26.29624431;3.38358700;1.41056500
-26.27576431;3.38358700;1.41056500
-26.25528431;3.38358700;1.49937400
-26.23480431;3.38358700;1.41056500
-26.21432431;3.38358700;1.41056500
-26.19384431;3.38358700;1.41056500
-26.17336431;3.47178600;1.41056500
-26.15288431;3.38358700;1.41056500
-26.13240431;3.38358700;1.41056500
-26.11192432;3.38358700;1.41056500
-26.09144432;3.38358700;1.49937400
-26.07096432;3.38358700;1.41056500
-26.05048432;3.38358700;1.41056500
-26.03000432;3.38358700;1.49937400
-26.00952432;3.38358700;1.41056500
-25.98904432;3.38358700;1.41056500
-25.96856432;3.38358700;1.41056500
-25.94808432;3.47178600;1.41056500
-25.92760432;3.38358700;1.41056500
-25.90712432;3.47178600;1.41056500
-25.88664432;3.38358700;1.41056500
-25.86616432;3.38358700;1.41056500
-25.84568432;3.47178600;1.41056500
-25.82520432;3.38358700;1.41056500
-25.80472432;3.47178600;1.41056500
-25.78424432;3.47178600;1.41056500
-25.76376432;3.38358700;1.41056500
-25.74328432;3.38358700;1.41056500
-25.72280432;3.47178600;1.41056500
-25.70232432;3.38358700;1.41056500
-25.68184432;3.47178600;1.41056500
-25.66136432;3.47178600;1.41056500
-25.64088432;3.47178600;1.41056500
-25.62040432;3.47178600;1.41056500
-25.59992432;3.47178600;1.41056500
-25.57944432;3.47178600;1.32175700
-25.55896432;3.47178600;1.41056500
-25.53848432;3.47178600;1.41056500
-25.51800432;3.47178600;1.32175700
-25.49752432;3.47178600;1.41056500
-25.47704432;3.47178600;1.32175700
-25.45656432;3.47178600;1.32175700
-25.43608432;3.47178600;1.32175700
-25.41560432;3.47178600;1.32175700
-25.39512432;3.47178600;1.32175700
-25.37464432;3.47178600;1.32175700
-25.35416432;3.47178600;1.32175700
-25.33368432;3.47178600;1.32175700
-25.31320432;3.47178600;1.32175700
-25.29272432;3.47178600;1.32175700
-25.27224432;3.47178600;1.32175700
-25.25176432;3.47178600;1.32175700
-25.23128432;3.47178600;1.32175700
-25.21080432;3.47178600;1.32175700
-25.19032432;3.47178600;1.23325300
-25.16984432;3.47178600;1.32175700
-25.14936432;3.47178600;1.32175700
-25.12888432;3.47178600;1.32175700
-25.10840432;3.47178600;1.32175700
-25.08792432;3.47178600;1.32175700
-25.06744432;3.47178600;1.32175700
-25.04696432;3.47178600;1.32175700
-25.02648432;3.47178600;1.32175700
-25.00600432;3.47178600;1.32175700
-24.98552432;3.47178600;1.23325300
-24.96504432;3.47178600;1.32175700
-24.94456432;3.47178600;1.32175700
-24.92408432;3.47178600;1.23325300
-24.90360432;3.47178600;1.32175700
-24.88312432;3.47178600;1.32175700
-24.86264432;3.47178600;1.32175700
-24.84216432;3.47178600;1.32175700
-24.82168432;3.47178600;1.23325300
-24.80120432;3.55998400;1.23325300
-24.78072432;3.47178600;1.32175700
-24.76024432;3.47178600;1.23325300
-24.73976432;3.47178600;1.23325300
-24.71928432;3.47178600;1.32175700
-24.69880432;3.47178600;1.32175700
-24.67832432;3.47178600;1.32175700
-24.65784432;3.47178600;1.23325300
-24.63736432;3.47178600;1.32175700
-24.61688432;3.47178600;1.32175700
-24.59640432;3.47178600;1.23325300
-24.57592432;3.47178600;1.23325300
-24.55544432;3.55998400;1.23325300
-24.53496432;3.47178600;1.32175700
-24.51448432;3.47178600;1.23325300
-24.49400432;3.47178600;1.32175700
-24.47352433;3.47178600;1.32175700
-24.45304433;3.55998400;1.32175700
-24.43256433;3.55998400;1.23325300
-24.41208433;3.47178600;1.23325300
-24.39160433;3.47178600;1.23325300
-24.37112433;3.47178600;1.32175700
-24.35064433;3.55998400;1.32175700
-24.33016433;3.47178600;1.32175700
-24.30968433;3.55998400;1.32175700
-24.28920433;3.55998400;1.32175700
-24.26872433;3.55998400;1.32175700
-24.24824433;3.55998400;1.32175700
-24.22776433;3.55998400;1.32175700
-24.20728433;3.55998400;1.41056500
-24.18680433;3.55998400;1.41056500
-24.16632433;3.55998400;1.41056500
-24.14584433;3.55998400;1.41056500
-24.12536433;3.55998400;1.41056500
-24.10488433;3.55998400;1.41056500
-24.08440433;3.55998400;1.41056500
-24.06392433;3.55998400;1.41056500
-24.04344433;3.55998400;1.41056500
-24.02296433;3.55998400;1.41056500
-24.00248433;3.55998400;1.49937400
-23.98200433;3.64818300;1.49937400
-23.96152433;3.55998400;1.49937400
-23.94104433;3.55998400;1.49937400
-23.92056433;3.55998400;1.49937400
-23.90008433;3.64818300;1.49937400
-23.87960433;3.55998400;1.58818300
-23.85912433;3.64818300;1.58818300
-23.83864433;3.64818300;1.58818300
-23.81816433;3.55998400;1.58818300
-23.79768433;3.55998400;1.58818300
-23.77720433;3.64818300;1.58818300
-23.75672433;3.64818300;1.58818300
-23.73624433;3.64818300;1.58818300
-23.71576433;3.64818300;1.58818300
-23.69528433;3.64818300;1.58818300
-23.67480433;3.64818300;1.67668700
-23.65432433;3.55998400;1.67668700
-23.63384433;3.64818300;1.67668700
-23.61336433;3.64818300;1.76549600
-23.59288433;3.64818300;1.67668700
-23.57240433;3.64818300;1.67668700
-23.55192433;3.64818300;1.76549600
-23.53144433;3.64818300;1.76549600
-23.51096433;3.64818300;1.76549600
-23.49048433;3.64818300;1.76549600
-23.47000433;3.64818300;1.76549600
-23.44952433;3.64818300;1.85430500
-23.42904433;3.64818300;1.85430500
-23.40856433;3.64818300;1.85430500
-23.38808433;3.64818300;1.85430500
-23.36760433;3.64818300;1.94280800
-23.34712433;3.64818300;1.85430500
-23.32664433;3.64818300;1.94280800
-23.30616433;3.64818300;1.94280800
-23.28568433;3.64818300;1.94280800
-23.26520433;3.64818300;1.94280800
-23.24472433;3.64818300;1.94280800
-23.22424433;3.64818300;1.94280800
-23.20376433;3.64818300;1.94280800
-23.18328433;3.73638100;2.03161700
-23.16280433;3.64818300;2.12042600
-23.14232433;3.64818300;2.03161700
-23.12184433;3.64818300;2.03161700
-23.10136433;3.73638100;2.12042600
-23.08088433;3.73638100;2.12042600
-23.06040433;3.64818300;2.12042600
-23.03992433;3.73638100;2.12042600
-23.01944433;3.64818300;2.12042600
-22.99896433;3.73638100;2.12042600
-22.97848433;3.64818300;2.20893000
-22.95800433;3.64818300;2.12042600
-22.93752433;3.64818300;2.29773900
-22.91704433;3.73638100;2.20893000
-22.89656433;3.73638100;2.29773900
-22.87608433;3.64818300;2.29773900
-22.85560433;3.73638100;2.29773900
-22.83512433;3.73638100;2.29773900
-22.81464434;3.73638100;2.29773900
-22.79416434;3.73638100;2.29773900
-22.77368434;3.73638100;2.29773900
-22.75320434;3.73638100;2.29773900
-22.73272434;3.73638100;2.29773900
-22.71224434;3.73638100;2.29773900
-22.69176434;3.73638100;2.29773900
-22.67128434;3.73638100;2.29773900
-22.65080434;3.64818300;2.29773900
-22.63032434;3.73638100;2.38654700
-22.60984434;3.73638100;2.29773900
-22.58936434;3.73638100;2.38654700
-22.56888434;3.73638100;2.38654700
-22.54840434;3.73638100;2.38654700
-22.52792434;3.73638100;2.47505100
-22.50744434;3.73638100;2.38654700
-22.48696434;3.73638100;2.47505100
-22.46648434;3.73638100;2.47505100
-22.44600434;3.73638100;2.47505100
-22.42552434;3.73638100;2.47505100
-22.40504434;3.73638100;2.47505100
-22.38456434;3.73638100;2.47505100
-22.36408434;3.73638100;2.47505100
-22.34360434;3.73638100;2.47505100
-22.32312434;3.73638100;2.47505100
-22.30264434;3.73638100;2.47505100
-22.28216434;3.73638100;2.47505100
-22.26168434;3.73638100;2.47505100
-22.24120434;3.73638100;2.47505100
-22.22072434;3.82458000;2.47505100
-22.20024434;3.73638100;2.47505100
-22.17976434;3.73638100;2.47505100
-22.15928434;3.73638100;2.47505100
-22.13880434;3.82458000;2.47505100
-22.11832434;3.73638100;2.47505100
-22.09784434;3.73638100;2.47505100
-22.07736434;3.82458000;2.47505100
-22.05688434;3.82458000;2.47505100
-22.03640434;3.82458000;2.47505100
-22.01592434;3.73638100;2.47505100
-21.99544434;3.82458000;2.47505100
-21.97496434;3.82458000;2.47505100
-21.95448434;3.82458000;2.47505100
-21.93400434;3.73638100;2.47505100
-21.91352434;3.82458000;2.47505100
-21.89304434;3.82458000;2.47505100
-21.87256434;3.82458000;2.47505100
-21.85208434;3.82458000;2.47505100
-21.83160434;3.82458000;2.56386000
-21.81112434;3.82458000;2.47505100
-21.79064434;3.82458000;2.47505100
-21.77016434;3.82458000;2.47505100
-21.74968434;3.82458000;2.47505100
-21.72920434;3.82458000;2.47505100
-21.70872434;3.82458000;2.47505100
-21.68824434;3.82458000;2.47505100
-21.66776434;3.82458000;2.47505100
-21.64728434;3.82458000;2.47505100
-21.62680434;3.82458000;2.47505100
-21.60632434;3.82458000;2.47505100
-21.58584434;3.82458000;2.47505100
-21.56536434;3.82458000;2.47505100
-21.54488434;3.82458000;2.47505100
-21.52440434;3.82458000;2.47505100
-21.50392434;3.82458000;2.47505100
-21.48344434;3.82458000;2.47505100
-21.46296434;3.82458000;2.38654700
-21.44248434;3.82458000;2.38654700
-21.42200434;3.82458000;2.38654700
-21.40152434;3.82458000;2.38654700
-21.38104434;3.82458000;2.38654700
-21.36056434;3.82458000;2.38654700
-21.34008434;3.82458000;2.29773900
-21.31960434;3.82458000;2.38654700
-21.29912434;3.82458000;2.38654700
-21.27864434;3.82458000;2.29773900
-21.25816434;3.82458000;2.29773900
-21.23768434;3.82458000;2.29773900
-21.21720434;3.82458000;2.29773900
-21.19672434;3.82458000;2.29773900
-21.17624435;3.82458000;2.29773900
-21.15576435;3.82458000;2.29773900
-21.13528435;3.82458000;2.29773900
-21.11480435;3.82458000;2.29773900
-21.09432435;3.82458000;2.29773900
-21.07384435;3.82458000;2.29773900
-21.05336435;3.82458000;2.29773900
-21.03288435;3.82458000;2.29773900
-21.01240435;3.82458000;2.29773900
-20.99192435;3.82458000;2.29773900
-20.97144435;3.82458000;2.29773900
-20.95096435;3.82458000;2.20893000
-20.93048435;3.91247300;2.20893000
-20.91000435;3.82458000;2.20893000
-20.88952435;3.82458000;2.20893000
-20.86904435;3.91247300;2.12042600
-20.84856435;3.82458000;2.12042600
-20.82808435;3.82458000;2.20893000
-20.80760435;3.91247300;2.12042600
-20.78712435;3.82458000;2.12042600
-20.76664435;3.91247300;2.12042600
-20.74616435;3.82458000;2.12042600
-20.72568435;3.91247300;2.12042600
-20.70520435;3.82458000;2.12042600
-20.68472435;3.82458000;2.12042600
-20.66424435;3.91247300;2.12042600
-20.64376435;3.82458000;2.12042600
-20.62328435;3.91247300;2.12042600
-20.60280435;3.91247300;2.12042600
-20.58232435;3.82458000;2.12042600
-20.56184435;3.91247300;2.12042600
-20.54136435;3.91247300;2.12042600
-20.52088435;3.91247300;2.12042600
-20.50040435;3.91247300;2.12042600
-20.47992435;3.91247300;2.12042600
-20.45944435;4.00067100;2.03161700
-20.43896435;3.82458000;2.03161700
-20.41848435;3.82458000;2.03161700
-20.39800435;4.00067100;2.03161700
-20.37752435;3.91247300;2.03161700
-20.35704435;3.91247300;2.03161700
-20.33656435;4.00067100;1.94280800
-20.31608435;4.00067100;1.94280800
-20.29560435;3.91247300;1.94280800
-20.27512435;4.00067100;2.03161700
-20.25464435;4.00067100;1.94280800
-20.23416435;4.00067100;1.94280800
-20.21368435;3.91247300;2.03161700
-20.19320435;4.00067100;1.94280800
-20.17272435;4.00067100;1.94280800
-20.15224435;4.00067100;1.94280800
-20.13176435;4.00067100;1.94280800
-20.11128435;4.00067100;1.94280800
-20.09080435;4.00067100;1.94280800
-20.07032435;4.00067100;1.94280800
-20.04984435;4.00067100;1.94280800
-20.02936435;4.00067100;1.94280800
-20.00888435;4.00067100;1.94280800
-19.98840435;4.00067100;1.94280800
-19.96792435;4.00067100;1.94280800
-19.94744435;4.00067100;1.94280800
-19.92696435;4.00067100;1.85430500
-19.90648435;4.00067100;1.94280800
-19.88600435;4.00067100;1.94280800
-19.86552435;4.00067100;1.94280800
-19.84504435;4.00067100;1.94280800
-19.82456435;4.00067100;1.94280800
-19.80408435;4.00067100;1.94280800
-19.78360435;4.00067100;1.85430500
-19.76312435;4.00067100;1.85430500
-19.74264435;4.00067100;1.85430500
-19.72216435;4.08887000;1.85430500
-19.70168435;4.00067100;1.85430500
-19.68120435;4.00067100;1.85430500
-19.66072435;4.08887000;1.94280800
-19.64024435;4.00067100;1.85430500
-19.61976435;4.00067100;1.94280800
-19.59928435;4.00067100;1.85430500
-19.57880435;4.08887000;1.94280800
-19.55832435;4.00067100;1.85430500
-19.53784435;4.08887000;1.94280800
-19.51736436;4.00067100;1.94280800
-19.49688436;4.08887000;1.94280800
-19.47640436;4.00067100;1.94280800
-19.45592436;4.08887000;1.85430500
-19.43544436;4.00067100;1.94280800
-19.41496436;4.08887000;1.94280800
-19.39448436;4.08887000;1.94280800
-19.37400436;4.08887000;1.94280800
-19.35352436;4.08887000;1.94280800
-19.33304436;4.08887000;1.94280800
-19.31256436;4.08887000;1.94280800
-19.29208436;4.08887000;1.94280800
-19.27160436;4.08887000;1.94280800
-19.25112436;4.08887000;1.94280800
-19.23064436;4.08887000;1.94280800
-19.21016436;4.08887000;1.94280800
-19.18968436;4.08887000;2.03161700
-19.16920436;4.08887000;2.03161700
-19.14872436;4.08887000;2.03161700
-19.12824436;4.08887000;1.94280800
-19.10776436;4.08887000;2.03161700
-19.08728436;4.08887000;2.12042600
-19.06680436;4.08887000;2.12042600
-19.04632436;4.08887000;2.12042600
-19.02584436;4.08887000;2.12042600
-19.00536436;4.08887000;2.12042600
-18.98488436;4.08887000;2.12042600
-18.96440436;4.08887000;2.12042600
-18.94392436;4.08887000;2.12042600
-18.92344436;4.08887000;2.20893000
-18.90296436;4.08887000;2.29773900
-18.88248436;4.08887000;2.29773900
-18.86200436;4.08887000;2.29773900
-18.84152436;4.08887000;2.29773900
-18.82104436;4.08887000;2.29773900
-18.80056436;4.08887000;2.29773900
-18.78008436;4.08887000;2.29773900
-18.75960436;4.08887000;2.38654700
-18.73912436;4.08887000;2.38654700
-18.71864436;4.08887000;2.38654700
-18.69816436;4.08887000;2.47505100
-18.67768436;4.08887000;2.47505100
-18.65720436;4.17706800;2.47505100
-18.63672436;4.08887000;2.47505100
-18.61624436;4.08887000;2.56386000
-18.59576436;4.08887000;2.56386000
-18.57528436;4.17706800;2.56386000
-18.55480436;4.08887000;2.56386000
-18.53432436;4.08887000;2.56386000
-18.51384436;4.17706800;2.65266900
-18.49336436;4.17706800;2.65266900
-18.47288436;4.17706800;2.65266900
-18.45240436;4.17706800;2.74117300
-18.43192436;4.08887000;2.74117300
-18.41144436;4.17706800;2.74117300
-18.39096436;4.08887000;2.82998100
-18.37048436;4.17706800;2.82998100
-18.35000436;4.17706800;2.82998100
-18.32952436;4.17706800;2.82998100
-18.30904436;4.17706800;2.82998100
-18.28856436;4.17706800;2.91879000
-18.26808436;4.17706800;2.91879000
-18.24760436;4.17706800;3.00759900
-18.22712436;4.17706800;3.00759900
-18.20664436;4.17706800;3.00759900
-18.18616436;4.17706800;3.00759900
-18.16568436;4.17706800;3.00759900
-18.14520436;4.17706800;3.09610300
-18.12472436;4.17706800;3.09610300
-18.10424436;4.17706800;3.18491200
-18.08376436;4.17706800;3.18491200
-18.06328436;4.17706800;3.18491200
-18.04280436;4.17706800;3.18491200
-18.02232436;4.17706800;3.18491200
-18.00184436;4.17706800;3.18491200
-17.98136436;4.17706800;3.27372100
-17.96088436;4.17706800;3.27372100
-17.94040436;4.17706800;3.36222400
-17.91992436;4.17706800;3.27372100
-17.89944436;4.17706800;3.36222400
-17.87896437;4.17706800;3.36222400
-17.85848437;4.17706800;3.36222400
-17.83800437;4.17706800;3.36222400
-17.81752437;4.17706800;3.36222400
-17.79704437;4.17706800;3.45103300
-17.77656437;4.17706800;3.45103300
-17.75608437;4.17706800;3.45103300
-17.73560437;4.17706800;3.45103300
-17.71512437;4.17706800;3.53984200
-17.69464437;4.17706800;3.45103300
-17.67416437;4.17706800;3.53984200
-17.65368437;4.17706800;3.53984200
-17.63320437;4.17706800;3.53984200
-17.61272437;4.17706800;3.53984200
-17.59224437;4.17706800;3.53984200
-17.57176437;4.17706800;3.53984200
-17.55128437;4.17706800;3.53984200
-17.53080437;4.17706800;3.53984200
-17.51032437;4.17706800;3.62834500
-17.48984437;4.17706800;3.62834500
-17.46936437;4.26526700;3.62834500
-17.44888437;4.17706800;3.62834500
-17.42840437;4.17706800;3.62834500
-17.40792437;4.17706800;3.62834500
-17.38744437;4.26526700;3.71715500
-17.36696437;4.17706800;3.62834500
-17.34648437;4.17706800;3.62834500
-17.32600437;4.26526700;3.62834500
-17.30552437;4.17706800;3.71715500
-17.28504437;4.26526700;3.62834500
-17.26456437;4.26526700;3.71715500
-17.24408437;4.17706800;3.62834500
-17.22360437;4.17706800;3.71715500
-17.20312437;4.26526700;3.62834500
-17.18264437;4.17706800;3.71715500
-17.16216437;4.17706800;3.71715500
-17.14168437;4.17706800;3.71715500
-17.12120437;4.26526700;3.71715500
-17.10072437;4.26526700;3.71715500
-17.08024437;4.26526700;3.71715500
-17.05976437;4.26526700;3.71715500
-17.03928437;4.26526700;3.71715500
-17.01880437;4.26526700;3.71715500
-16.99832437;4.26526700;3.71715500
-16.97784437;4.26526700;3.71715500
-16.95736437;4.26526700;3.71715500
-16.93688437;4.26526700;3.71715500
-16.91640437;4.26526700;3.71715500
-16.89592437;4.26526700;3.62834500
-16.87544437;4.26526700;3.71715500
-16.85496437;4.26526700;3.62834500
-16.83448437;4.26526700;3.62834500
-16.81400437;4.17706800;3.71715500
-16.79352437;4.26526700;3.62834500
-16.77304437;4.26526700;3.62834500
-16.75256437;4.26526700;3.62834500
-16.73208437;4.26526700;3.62834500
-16.71160437;4.26526700;3.53984200
-16.69112437;4.26526700;3.53984200
-16.67064437;4.26526700;3.53984200
-16.65016437;4.26526700;3.53984200
-16.62968437;4.26526700;3.62834500
-16.60920437;4.35346600;3.53984200
-16.58872437;4.26526700;3.53984200
-16.56824437;4.35346600;3.53984200
-16.54776437;4.26526700;3.53984200
-16.52728437;4.35346600;3.53984200
-16.50680437;4.35346600;3.53984200
-16.48632437;4.35346600;3.53984200
-16.46584437;4.35346600;3.53984200
-16.44536437;4.26526700;3.53984200
-16.42488437;4.35346600;3.53984200
-16.40440437;4.35346600;3.53984200
-16.38392437;4.35346600;3.45103300
-16.36344437;4.35346600;3.45103300
-16.34296437;4.35346600;3.45103300
-16.32248437;4.35346600;3.45103300
-16.30200437;4.35346600;3.45103300
-16.28152437;4.35346600;3.36222400
-16.26104437;4.35346600;3.45103300
-16.24056438;4.26526700;3.36222400
-16.22008438;4.35346600;3.36222400
-16.19960438;4.35346600;3.36222400
-16.17912438;4.35346600;3.36222400
-16.15864438;4.35346600;3.36222400
-16.13816438;4.35346600;3.36222400
-16.11768438;4.35346600;3.36222400
-16.09720438;4.35346600;3.27372100
-16.07672438;4.35346600;3.27372100
-16.05624438;4.35346600;3.27372100
-16.03576438;4.35346600;3.27372100
-16.01528438;4.35346600;3.27372100
-15.99480438;4.35346600;3.27372100
-15.97432438;4.35346600;3.27372100
-15.95384438;4.35346600;3.18491200
-15.93336438;4.35346600;3.18491200
-15.91288438;4.35346600;3.18491200
-15.89240438;4.44166400;3.18491200
-15.87192438;4.35346600;3.18491200
-15.85144438;4.35346600;3.18491200
-15.83096438;4.35346600;3.18491200
-15.81048438;4.35346600;3.18491200
-15.79000438;4.35346600;3.09610300
-15.76952438;4.44166400;3.18491200
-15.74904438;4.35346600;3.09610300
-15.72856438;4.35346600;3.09610300
-15.70808438;4.44166400;3.09610300
-15.68760438;4.35346600;3.09610300
-15.66712438;4.35346600;3.00759900
-15.64664438;4.44166400;3.00759900
-15.62616438;4.44166400;3.00759900
-15.60568438;4.44166400;3.00759900
-15.58520438;4.44166400;3.00759900
-15.56472438;4.44166400;3.00759900
-15.54424438;4.44166400;3.00759900
-15.52376438;4.44166400;3.00759900
-15.50328438;4.35346600;3.00759900
-15.48280438;4.35346600;2.91879000
-15.46232438;4.44166400;3.00759900
-15.44184438;4.44166400;2.91879000
-15.42136438;4.44166400;2.91879000
-15.40088438;4.44166400;2.91879000
-15.38040438;4.44166400;2.91879000
-15.35992438;4.44166400;2.91879000
-15.33944438;4.44166400;2.91879000
-15.31896438;4.44166400;2.91879000
-15.29848438;4.44166400;2.82998100
-15.27800438;4.44166400;2.82998100
-15.25752438;4.44166400;2.82998100
-15.23704438;4.44166400;2.82998100
-15.21656438;4.44166400;2.82998100
-15.19608438;4.44166400;2.82998100
-15.17560438;4.44166400;2.82998100
-15.15512438;4.44166400;2.82998100
-15.13464438;4.44166400;2.82998100
-15.11416438;4.44166400;2.82998100
-15.09368438;4.44166400;2.82998100
-15.07320438;4.44166400;2.82998100
-15.05272438;4.44166400;2.74117300
-15.03224438;4.44166400;2.74117300
-15.01176438;4.44166400;2.74117300
-14.99128438;4.44166400;2.74117300
-14.97080438;4.44166400;2.74117300
-14.95032438;4.44166400;2.74117300
-14.92984438;4.44166400;2.74117300
-14.90936438;4.44166400;2.65266900
-14.88888438;4.44166400;2.74117300
-14.86840438;4.44166400;2.65266900
-14.84792438;4.44166400;2.65266900
-14.82744438;4.52986200;2.65266900
-14.80696438;4.52986200;2.74117300
-14.78648438;4.52986200;2.65266900
-14.76600438;4.44166400;2.65266900
-14.74552438;4.44166400;2.65266900
-14.72504438;4.44166400;2.65266900
-14.70456438;4.52986200;2.65266900
-14.68408438;4.44166400;2.65266900
-14.66360438;4.52986200;2.65266900
-14.64312438;4.52986200;2.65266900
-14.62264438;4.52986200;2.65266900
-14.60216438;4.52986200;2.65266900
-14.58168439;4.52986200;2.65266900
-14.56120439;4.44166400;2.65266900
-14.54072439;4.52986200;2.65266900
-14.52024439;4.52986200;2.65266900
-14.49976439;4.52986200;2.65266900
-14.47928439;4.52986200;2.65266900
-14.45880439;4.52986200;2.65266900
-14.43832439;4.52986200;2.74117300
-14.41784439;4.52986200;2.74117300
-14.39736439;4.52986200;2.74117300
-14.37688439;4.52986200;2.65266900
-14.35640439;4.52986200;2.74117300
-14.33592439;4.52986200;2.74117300
-14.31544439;4.52986200;2.82998100
-14.29496439;4.52986200;2.74117300
-14.27448439;4.52986200;2.82998100
-14.25400439;4.52986200;2.82998100
-14.23352439;4.52986200;2.82998100
-14.21304439;4.52986200;2.82998100
-14.19256439;4.52986200;2.82998100
-14.17208439;4.52986200;2.82998100
-14.15160439;4.52986200;2.82998100
-14.13112439;4.52986200;2.82998100
-14.11064439;4.52986200;2.82998100
-14.09016439;4.52986200;2.82998100
-14.06968439;4.52986200;2.82998100
-14.04920439;4.52986200;2.91879000
-14.02872439;4.52986200;2.91879000
-14.00824439;4.52986200;3.00759900
-13.98776439;4.52986200;3.00759900
-13.96728439;4.52986200;3.00759900
-13.94680439;4.52986200;3.00759900
-13.92632439;4.52986200;3.00759900
-13.90584439;4.52986200;3.09610300
-13.88536439;4.52986200;3.09610300
-13.86488439;4.52986200;3.09610300
-13.84440439;4.52986200;3.09610300
-13.82392439;4.52986200;3.18491200
-13.80344439;4.61775600;3.18491200
-13.78296439;4.52986200;3.18491200
-13.76248439;4.52986200;3.27372100
-13.74200439;4.61775600;3.27372100
-13.72152439;4.52986200;3.36222400
-13.70104439;4.52986200;3.36222400
-13.68056439;4.52986200;3.36222400
-13.66008439;4.52986200;3.36222400
-13.63960439;4.61775600;3.36222400
-13.61912439;4.52986200;3.45103300
-13.59864439;4.52986200;3.45103300
-13.57816439;4.52986200;3.53984200
-13.55768439;4.52986200;3.53984200
-13.53720439;4.61775600;3.53984200
-13.51672439;4.61775600;3.62834500
-13.49624439;4.52986200;3.71715500
-13.47576439;4.52986200;3.71715500
-13.45528439;4.61775600;3.71715500
-13.43480439;4.61775600;3.71715500
-13.41432439;4.61775600;3.80596300
-13.39384439;4.61775600;3.89446700
-13.37336439;4.61775600;3.89446700
-13.35288439;4.52986200;3.89446700
-13.33240439;4.61775600;3.98327600
-13.31192439;4.61775600;3.98327600
-13.29144439;4.61775600;4.07208500
-13.27096439;4.61775600;4.07208500
-13.25048439;4.61775600;4.07208500
-13.23000439;4.52986200;4.16058800
-13.20952439;4.52986200;4.16058800
-13.18904439;4.61775600;4.24939700
-13.16856439;4.61775600;4.24939700
-13.14808439;4.61775600;4.24939700
-13.12760439;4.61775600;4.33820600
-13.10712439;4.70595400;4.33820600
-13.08664439;4.61775600;4.42701500
-13.06616439;4.61775600;4.42701500
-13.04568439;4.61775600;4.42701500
-13.02520439;4.61775600;4.42701500
-13.00472439;4.70595400;4.51551900
-12.98424439;4.61775600;4.51551900
-12.96376439;4.70595400;4.60432800
-12.94328440;4.70595400;4.60432800
-12.92280440;4.70595400;4.60432800
-12.90232440;4.70595400;4.69313600
-12.88184440;4.70595400;4.69313600
-12.86136440;4.61775600;4.78164000
-12.84088440;4.70595400;4.78164000
-12.82040440;4.70595400;4.78164000
-12.79992440;4.70595400;4.78164000
-12.77944440;4.70595400;4.87044900
-12.75896440;4.70595400;4.95925800
-12.73848440;4.70595400;4.87044900
-12.71800440;4.70595400;4.95925800
-12.69752440;4.70595400;4.95925800
-12.67704440;4.70595400;5.04776100
-12.65656440;4.70595400;4.95925800
-12.63608440;4.70595400;5.04776100
-12.61560440;4.70595400;5.04776100
-12.59512440;4.70595400;5.04776100
-12.57464440;4.70595400;5.13657000
-12.55416440;4.70595400;5.13657000
-12.53368440;4.70595400;5.13657000
-12.51320440;4.70595400;5.13657000
-12.49272440;4.70595400;5.13657000
-12.47224440;4.70595400;5.13657000
-12.45176440;4.70595400;5.22537900
-12.43128440;4.70595400;5.22537900
-12.41080440;4.70595400;5.22537900
-12.39032440;4.70595400;5.22537900
-12.36984440;4.70595400;5.31388300
-12.34936440;4.70595400;5.31388300
-12.32888440;4.70595400;5.22537900
-12.30840440;4.79415300;5.31388300
-12.28792440;4.79415300;5.31388300
-12.26744440;4.70595400;5.31388300
-12.24696440;4.79415300;5.31388300
-12.22648440;4.70595400;5.31388300
-12.20600440;4.79415300;5.31388300
-12.18552440;4.79415300;5.31388300
-12.16504440;4.79415300;5.31388300
-12.14456440;4.79415300;5.31388300
-12.12408440;4.79415300;5.31388300
-12.10360440;4.79415300;5.31388300
-12.08312440;4.70595400;5.31388300
-12.06264440;4.70595400;5.31388300
-12.04216440;4.79415300;5.31388300
-12.02168440;4.79415300;5.31388300
-12.00120440;4.70595400;5.31388300
-11.98072440;4.70595400;5.31388300
-11.96024440;4.79415300;5.31388300
-11.93976440;4.79415300;5.31388300
-11.91928440;4.79415300;5.31388300
-11.89880440;4.79415300;5.31388300
-11.87832440;4.79415300;5.31388300
-11.85784440;4.79415300;5.31388300
-11.83736440;4.79415300;5.31388300
-11.81688440;4.79415300;5.31388300
-11.79640440;4.79415300;5.31388300
-11.77592440;4.79415300;5.31388300
-11.75544440;4.79415300;5.22537900
-11.73496440;4.79415300;5.31388300
-11.71448440;4.79415300;5.22537900
-11.69400440;4.79415300;5.22537900
-11.67352440;4.79415300;5.22537900
-11.65304440;4.79415300;5.13657000
-11.63256440;4.79415300;5.13657000
-11.61208440;4.79415300;5.13657000
-11.59160440;4.79415300;5.13657000
-11.57112440;4.79415300;5.13657000
-11.55064440;4.79415300;5.13657000
-11.53016440;4.79415300;5.13657000
-11.50968440;4.79415300;5.13657000
-11.48920440;4.79415300;5.13657000
-11.46872440;4.79415300;5.13657000
-11.44824440;4.79415300;5.13657000
-11.42776440;4.79415300;5.04776100
-11.40728440;4.79415300;5.13657000
-11.38680440;4.79415300;5.04776100
-11.36632440;4.79415300;5.04776100
-11.34584440;4.79415300;5.04776100
-11.32536440;4.79415300;4.95925800
-11.30488441;4.79415300;4.95925800
-11.28440441;4.79415300;4.95925800
-11.26392441;4.79415300;4.95925800
-11.24344441;4.79415300;4.87044900
-11.22296441;4.88235100;4.95925800
-11.20248441;4.79415300;4.87044900
-11.18200441;4.88235100;4.87044900
-11.16152441;4.88235100;4.78164000
-11.14104441;4.79415300;4.87044900
-11.12056441;4.88235100;4.78164000
-11.10008441;4.79415300;4.78164000
-11.07960441;4.88235100;4.78164000
-11.05912441;4.88235100;4.78164000
-11.03864441;4.88235100;4.78164000
-11.01816441;4.88235100;4.78164000
-10.99768441;4.88235100;4.69313600
-10.97720441;4.88235100;4.78164000
-10.95672441;4.88235100;4.69313600
-10.93624441;4.88235100;4.69313600
-10.91576441;4.88235100;4.69313600
-10.89528441;4.88235100;4.60432800
-10.87480441;4.88235100;4.60432800
-10.85432441;4.88235100;4.60432800
-10.83384441;4.88235100;4.60432800
-10.81336441;4.88235100;4.51551900
-10.79288441;4.88235100;4.51551900
-10.77240441;4.88235100;4.42701500
-10.75192441;4.88235100;4.51551900
-10.73144441;4.88235100;4.42701500
-10.71096441;4.88235100;4.42701500
-10.69048441;4.88235100;4.42701500
-10.67000441;4.88235100;4.42701500
-10.64952441;4.88235100;4.42701500
-10.62904441;4.88235100;4.42701500
-10.60856441;4.88235100;4.42701500
-10.58808441;4.88235100;4.33820600
-10.56760441;4.88235100;4.33820600
-10.54712441;4.88235100;4.33820600
-10.52664441;4.88235100;4.33820600
-10.50616441;4.88235100;4.33820600
-10.48568441;4.88235100;4.24939700
-10.46520441;4.88235100;4.24939700
-10.44472441;4.88235100;4.24939700
-10.42424441;4.88235100;4.24939700
-10.40376441;4.88235100;4.24939700
-10.38328441;4.88235100;4.24939700
-10.36280441;4.88235100;4.16058800
-10.34232441;4.88235100;4.16058800
-10.32184441;4.88235100;4.07208500
-10.30136441;4.88235100;4.07208500
-10.28088441;4.88235100;4.07208500
-10.26040441;4.88235100;4.07208500
-10.23992441;4.88235100;4.07208500
-10.21944441;4.88235100;4.07208500
-10.19896441;4.97055000;4.07208500
-10.17848441;4.88235100;4.07208500
-10.15800441;4.88235100;4.07208500
-10.13752441;4.88235100;4.07208500
-10.11704441;4.88235100;3.98327600
-10.09656441;4.88235100;3.98327600
-10.07608441;4.97055000;3.98327600
-10.05560441;4.88235100;3.98327600
-10.03512441;4.97055000;3.98327600
-10.01464441;4.97055000;3.98327600
-9.99416441;4.88235100;3.98327600
-9.97368441;4.97055000;3.98327600
-9.95320441;4.88235100;3.89446700
-9.93272441;4.97055000;3.89446700
-9.91224441;4.97055000;3.89446700
-9.89176441;4.88235100;3.89446700
-9.87128441;4.88235100;3.89446700
-9.85080441;4.97055000;3.89446700
-9.83032441;4.97055000;3.89446700
-9.80984441;4.88235100;3.89446700
-9.78936441;4.88235100;3.89446700
-9.76888441;4.97055000;3.89446700
-9.74840441;4.97055000;3.89446700
-9.72792441;4.97055000;3.80596300
-9.70744441;4.97055000;3.80596300
-9.68696441;4.97055000;3.89446700
-9.66648441;4.97055000;3.89446700
-9.64600442;4.97055000;3.71715500
-9.62552442;4.97055000;3.71715500
-9.60504442;4.97055000;3.71715500
-9.58456442;4.97055000;3.80596300
-9.56408442;4.97055000;3.80596300
-9.54360442;4.97055000;3.71715500
-9.52312442;4.97055000;3.71715500
-9.50264442;4.97055000;3.80596300
-9.48216442;4.97055000;3.71715500
-9.46168442;4.97055000;3.71715500
-9.44120442;4.97055000;3.80596300
-9.42072442;5.05874800;3.80596300
-9.40024442;5.05874800;3.80596300
-9.37976442;4.97055000;3.80596300
-9.35928442;5.05874800;3.80596300
-9.33880442;5.05874800;3.80596300
-9.31832442;4.97055000;3.89446700
-9.29784442;4.97055000;3.89446700
-9.27736442;5.05874800;3.89446700
-9.25688442;4.97055000;3.80596300
-9.23640442;5.05874800;3.89446700
-9.21592442;5.05874800;3.89446700
-9.19544442;5.05874800;3.89446700
-9.17496442;5.05874800;3.89446700
-9.15448442;5.05874800;3.89446700
-9.13400442;5.05874800;3.98327600
-9.11352442;5.05874800;3.98327600
-9.09304442;5.05874800;3.98327600
-9.07256442;5.05874800;3.98327600
-9.05208442;5.05874800;3.98327600
-9.03160442;5.05874800;3.98327600
-9.01112442;5.05874800;4.07208500
-8.99064442;5.05874800;4.07208500
-8.97016442;5.05874800;4.07208500
-8.94968442;5.05874800;4.07208500
-8.92920442;5.05874800;4.16058800
-8.90872442;5.05874800;4.16058800
-8.88824442;5.05874800;4.24939700
-8.86776442;5.05874800;4.24939700
-8.84728442;5.05874800;4.24939700
-8.82680442;5.05874800;4.33820600
-8.80632442;5.05874800;4.33820600
-8.78584442;5.05874800;4.33820600
-8.76536442;5.05874800;4.42701500
-8.74488442;5.05874800;4.42701500
-8.72440442;5.05874800;4.42701500
-8.70392442;5.05874800;4.51551900
-8.68344442;5.05874800;4.60432800
-8.66296442;5.05874800;4.60432800
-8.64248442;5.05874800;4.60432800
-8.62200442;5.05874800;4.69313600
-8.60152442;5.05874800;4.69313600
-8.58104442;5.05874800;4.78164000
-8.56056442;5.05874800;4.78164000
-8.54008442;5.05874800;4.78164000
-8.51960442;5.05874800;4.95925800
-8.49912442;5.05874800;4.95925800
-8.47864442;5.05874800;4.95925800
-8.45816442;5.05874800;4.95925800
-8.43768442;5.14694600;5.04776100
-8.41720442;5.05874800;5.13657000
-8.39672442;5.14694600;5.13657000
-8.37624442;5.05874800;5.22537900
-8.35576442;5.14694600;5.31388300
-8.33528442;5.14694600;5.31388300
-8.31480442;5.05874800;5.31388300
-8.29432442;5.14694600;5.40269200
-8.27384442;5.14694600;5.49150000
-8.25336442;5.14694600;5.49150000
-8.23288442;5.14694600;5.49150000
-8.21240442;5.14694600;5.58000400
-8.19192442;5.14694600;5.66881300
-8.17144442;5.14694600;5.66881300
-8.15096442;5.14694600;5.75762200
-8.13048442;5.14694600;5.84643100
-8.11000442;5.14694600;5.84643100
-8.08952442;5.14694600;5.84643100
-8.06904442;5.14694600;5.93493500
-8.04856442;5.14694600;6.02374400
-8.02808442;5.14694600;6.02374400
-8.00760443;5.14694600;6.02374400
-7.98712443;5.14694600;6.11255200
-7.96664443;5.14694600;6.20105600
-7.94616443;5.14694600;6.20105600
-7.92568443;5.14694600;6.20105600
-7.90520443;5.14694600;6.28986500
-7.88472443;5.14694600;6.37867400
-7.86424443;5.14694600;6.37867400
-7.84376443;5.14694600;6.46717700
-7.82328443;5.14694600;6.46717700
-7.80280443;5.14694600;6.55598600
-7.78232443;5.14694600;6.55598600
-7.76184443;5.14694600;6.55598600
-7.74136443;5.14694600;6.64479500
-7.72088443;5.14694600;6.73329900
-7.70040443;5.14694600;6.73329900
-7.67992443;5.14694600;6.82210800
-7.65944443;5.14694600;6.82210800
-7.63896443;5.14694600;6.82210800
-7.61848443;5.14694600;6.91091600
-7.59800443;5.14694600;6.91091600
-7.57752443;5.14694600;6.91091600
-7.55704443;5.14694600;6.91091600
-7.53656443;5.14694600;6.91091600
-7.51608443;5.14694600;6.99942000
-7.49560443;5.23514500;6.99942000
-7.47512443;5.14694600;7.08822900
-7.45464443;5.23514500;7.08822900
-7.43416443;5.23514500;7.08822900
-7.41368443;5.14694600;7.08822900
-7.39320443;5.23514500;7.17703800
-7.37272443;5.14694600;7.08822900
-7.35224443;5.23514500;7.17703800
-7.33176443;5.23514500;7.26584700
-7.31128443;5.23514500;7.26584700
-7.29080443;5.23514500;7.26584700
-7.27032443;5.23514500;7.26584700
-7.24984443;5.23514500;7.26584700
-7.22936443;5.23514500;7.26584700
-7.20888443;5.23514500;7.26584700
-7.18840443;5.23514500;7.26584700
-7.16792443;5.14694600;7.35435100
-7.14744443;5.23514500;7.26584700
-7.12696443;5.23514500;7.26584700
-7.10648443;5.23514500;7.35435100
-7.08600443;5.23514500;7.35435100
-7.06552443;5.23514500;7.35435100
-7.04504443;5.23514500;7.35435100
-7.02456443;5.23514500;7.26584700
-7.00408443;5.23514500;7.35435100
-6.98360443;5.23514500;7.35435100
-6.96312443;5.23514500;7.35435100
-6.94264443;5.23514500;7.35435100
-6.92216443;5.23514500;7.35435100
-6.90168443;5.23514500;7.35435100
-6.88120443;5.23514500;7.35435100
-6.86072443;5.23514500;7.35435100
-6.84024443;5.23514500;7.35435100
-6.81976443;5.23514500;7.35435100
-6.79928443;5.23514500;7.35435100
-6.77880443;5.23514500;7.26584700
-6.75832443;5.23514500;7.35435100
-6.73784443;5.23514500;7.35435100
-6.71736443;5.23514500;7.26584700
-6.69688443;5.23514500;7.26584700
-6.67640443;5.23514500;7.26584700
-6.65592443;5.23514500;7.26584700
-6.63544443;5.23514500;7.26584700
-6.61496443;5.23514500;7.26584700
-6.59448443;5.23514500;7.26584700
-6.57400443;5.23514500;7.26584700
-6.55352443;5.23514500;7.17703800
-6.53304443;5.23514500;7.17703800
-6.51256443;5.23514500;7.17703800
-6.49208443;5.32303900;7.17703800
-6.47160443;5.23514500;7.17703800
-6.45112443;5.23514500;7.08822900
-6.43064443;5.32303900;7.08822900
-6.41016443;5.23514500;7.08822900
-6.38968443;5.32303900;7.08822900
-6.36920444;5.23514500;7.08822900
-6.34872444;5.23514500;6.99942000
-6.32824444;5.23514500;6.99942000
-6.30776444;5.23514500;6.99942000
-6.28728444;5.32303900;6.99942000
-6.26680444;5.23514500;6.91091600
-6.24632444;5.23514500;6.91091600
-6.22584444;5.23514500;6.91091600
-6.20536444;5.23514500;6.91091600
-6.18488444;5.32303900;6.91091600
-6.16440444;5.32303900;6.82210800
-6.14392444;5.23514500;6.82210800
-6.12344444;5.32303900;6.82210800
-6.10296444;5.32303900;6.73329900
-6.08248444;5.32303900;6.73329900
-6.06200444;5.32303900;6.73329900
-6.04152444;5.32303900;6.73329900
-6.02104444;5.32303900;6.73329900
-6.00056444;5.32303900;6.55598600
-5.98008444;5.32303900;6.55598600
-5.95960444;5.41123700;6.55598600
-5.93912444;5.32303900;6.55598600
-5.91864444;5.32303900;6.46717700
-5.89816444;5.41123700;6.46717700
-5.87768444;5.32303900;6.46717700
-5.85720444;5.41123700;6.46717700
-5.83672444;5.41123700;6.37867400
-5.81624444;5.41123700;6.37867400
-5.79576444;5.32303900;6.37867400
-5.77528444;5.41123700;6.37867400
-5.75480444;5.32303900;6.28986500
-5.73432444;5.32303900;6.20105600
-5.71384444;5.41123700;6.28986500
-5.69336444;5.32303900;6.20105600
-5.67288444;5.32303900;6.20105600
-5.65240444;5.32303900;6.20105600
-5.63192444;5.32303900;6.11255200
-5.61144444;5.41123700;6.11255200
-5.59096444;5.41123700;6.11255200
-5.57048444;5.41123700;6.11255200
-5.55000444;5.41123700;6.11255200
-5.52952444;5.32303900;6.02374400
-5.50904444;5.41123700;6.02374400
-5.48856444;5.41123700;6.02374400
-5.46808444;5.41123700;5.93493500
-5.44760444;5.32303900;5.93493500
-5.42712444;5.41123700;5.93493500
-5.40664444;5.41123700;5.84643100
-5.38616444;5.41123700;5.84643100
-5.36568444;5.41123700;5.84643100
-5.34520444;5.41123700;5.84643100
-5.32472444;5.41123700;5.84643100
-5.30424444;5.41123700;5.75762200
-5.28376444;5.41123700;5.66881300
-5.26328444;5.41123700;5.75762200
-5.24280444;5.41123700;5.66881300
-5.22232444;5.41123700;5.66881300
-5.20184444;5.41123700;5.66881300
-5.18136444;5.41123700;5.58000400
-5.16088444;5.41123700;5.66881300
-5.14040444;5.41123700;5.58000400
-5.11992444;5.41123700;5.58000400
-5.09944444;5.41123700;5.58000400
-5.07896444;5.49943500;5.49150000
-5.05848444;5.41123700;5.49150000
-5.03800444;5.41123700;5.49150000
-5.01752444;5.41123700;5.49150000
-4.99704444;5.49943500;5.49150000
-4.97656444;5.41123700;5.49150000
-4.95608444;5.41123700;5.49150000
-4.93560444;5.49943500;5.40269200
-4.91512444;5.41123700;5.40269200
-4.89464444;5.41123700;5.31388300
-4.87416444;5.41123700;5.40269200
-4.85368444;5.41123700;5.31388300
-4.83320444;5.49943500;5.31388300
-4.81272444;5.41123700;5.31388300
-4.79224444;5.49943500;5.31388300
-4.77176444;5.49943500;5.22537900
-4.75128444;5.49943500;5.22537900
-4.73080444;5.49943500;5.31388300
-4.71032445;5.49943500;5.22537900
-4.68984445;5.49943500;5.13657000
-4.66936445;5.41123700;5.22537900
-4.64888445;5.49943500;5.13657000
-4.62840445;5.49943500;5.22537900
-4.60792445;5.49943500;5.13657000
-4.58744445;5.49943500;5.13657000
-4.56696445;5.49943500;5.13657000
-4.54648445;5.49943500;5.13657000
-4.52600445;5.49943500;5.13657000
-4.50552445;5.49943500;5.13657000
-4.48504445;5.49943500;5.13657000
-4.46456445;5.49943500;5.13657000
-4.44408445;5.49943500;5.13657000
-4.42360445;5.49943500;5.13657000
-4.40312445;5.49943500;5.13657000
-4.38264445;5.49943500;5.13657000
-4.36216445;5.49943500;5.13657000
-4.34168445;5.49943500;5.13657000
-4.32120445;5.49943500;5.13657000
-4.30072445;5.49943500;5.13657000
-4.28024445;5.49943500;5.13657000
-4.25976445;5.49943500;5.13657000
-4.23928445;5.49943500;5.13657000
-4.21880445;5.49943500;5.13657000
-4.19832445;5.49943500;5.13657000
-4.17784445;5.49943500;5.13657000
-4.15736445;5.49943500;5.13657000
-4.13688445;5.49943500;5.13657000
-4.11640445;5.49943500;5.13657000
-4.09592445;5.49943500;5.13657000
-4.07544445;5.49943500;5.22537900
-4.05496445;5.49943500;5.22537900
-4.03448445;5.49943500;5.22537900
-4.01400445;5.49943500;5.31388300
-3.99352445;5.49943500;5.31388300
-3.97304445;5.49943500;5.31388300
-3.95256445;5.49943500;5.31388300
-3.93208445;5.49943500;5.40269200
-3.91160445;5.58763400;5.40269200
-3.89112445;5.49943500;5.40269200
-3.87064445;5.58763400;5.40269200
-3.85016445;5.49943500;5.49150000
-3.82968445;5.58763400;5.49150000
-3.80920445;5.58763400;5.49150000
-3.78872445;5.58763400;5.49150000
-3.76824445;5.58763400;5.58000400
-3.74776445;5.49943500;5.66881300
-3.72728445;5.58763400;5.66881300
-3.70680445;5.58763400;5.66881300
-3.68632445;5.58763400;5.75762200
-3.66584445;5.49943500;5.75762200
-3.64536445;5.58763400;5.84643100
-3.62488445;5.58763400;5.84643100
-3.60440445;5.58763400;5.84643100
-3.58392445;5.58763400;5.93493500
-3.56344445;5.58763400;6.02374400
-3.54296445;5.58763400;6.02374400
-3.52248445;5.58763400;6.11255200
-3.50200445;5.58763400;6.11255200
-3.48152445;5.58763400;6.20105600
-3.46104445;5.58763400;6.20105600
-3.44056445;5.58763400;6.28986500
-3.42008445;5.58763400;6.37867400
-3.39960445;5.58763400;6.37867400
-3.37912445;5.58763400;6.37867400
-3.35864445;5.58763400;6.46717700
-3.33816445;5.58763400;6.55598600
-3.31768445;5.58763400;6.55598600
-3.29720445;5.58763400;6.73329900
-3.27672445;5.58763400;6.73329900
-3.25624445;5.58763400;6.73329900
-3.23576445;5.58763400;6.91091600
-3.21528445;5.58763400;6.91091600
-3.19480445;5.58763400;6.91091600
-3.17432445;5.58763400;6.99942000
-3.15384445;5.58763400;7.17703800
-3.13336445;5.58763400;7.08822900
-3.11288445;5.58763400;7.17703800
-3.09240445;5.58763400;7.26584700
-3.07192446;5.58763400;7.35435100
-3.05144446;5.58763400;7.44315900
-3.03096446;5.58763400;7.44315900
-3.01048446;5.58763400;7.53196800
-2.99000446;5.58763400;7.53196800
-2.96952446;5.58763400;7.62047200
-2.94904446;5.58763400;7.70928000
-2.92856446;5.58763400;7.79809000
-2.90808446;5.58763400;7.79809000
-2.88760446;5.58763400;7.88659300
-2.86712446;5.58763400;7.97540200
-2.84664446;5.58763400;7.97540200
-2.82616446;5.58763400;8.06421100
-2.80568446;5.58763400;8.06421100
-2.78520446;5.58763400;8.15271500
-2.76472446;5.58763400;8.15271500
-2.74424446;5.67583200;8.24152400
-2.72376446;5.67583200;8.33033300
-2.70328446;5.58763400;8.33033300
-2.68280446;5.58763400;8.41883600
-2.66232446;5.58763400;8.50764500
-2.64184446;5.58763400;8.50764500
-2.62136446;5.67583200;8.50764500
-2.60088446;5.67583200;8.59645400
-2.58040446;5.67583200;8.68526300
-2.55992446;5.67583200;8.68526300
-2.53944446;5.67583200;8.77376700
-2.51896446;5.67583200;8.77376700
-2.49848446;5.58763400;8.86257600
-2.47800446;5.67583200;8.86257600
-2.45752446;5.67583200;8.95138400
-2.43704446;5.67583200;8.95138400
-2.41656446;5.67583200;9.03988700
-2.39608446;5.67583200;9.03988700
-2.37560446;5.67583200;9.03988700
-2.35512446;5.67583200;9.12869600
-2.33464446;5.67583200;9.12869600
-2.31416446;5.67583200;9.21750500
-2.29368446;5.67583200;9.21750500
-2.27320446;5.67583200;9.21750500
-2.25272446;5.67583200;9.21750500
-2.23224446;5.67583200;9.30600900
-2.21176446;5.67583200;9.30600900
-2.19128446;5.67583200;9.30600900
-2.17080446;5.67583200;9.39481800
-2.15032446;5.67583200;9.30600900
-2.12984446;5.67583200;9.39481800
-2.10936446;5.67583200;9.39481800
-2.08888446;5.67583200;9.48362600
-2.06840446;5.67583200;9.39481800
-2.04792446;5.67583200;9.48362600
-2.02744446;5.67583200;9.57213000
-2.00696446;5.76403100;9.57213000
-1.98648446;5.76403100;9.57213000
-1.96600446;5.76403100;9.48362600
-1.94552446;5.76403100;9.57213000
-1.92504446;5.76403100;9.57213000
-1.90456446;5.76403100;9.57213000
-1.88408446;5.76403100;9.57213000
-1.86360446;5.67583200;9.57213000
-1.84312446;5.76403100;9.57213000
-1.82264446;5.76403100;9.57213000
-1.80216446;5.76403100;9.57213000
-1.78168446;5.76403100;9.57213000
-1.76120446;5.76403100;9.57213000
-1.74072446;5.76403100;9.57213000
-1.72024446;5.76403100;9.57213000
-1.69976446;5.76403100;9.57213000
-1.67928446;5.76403100;9.57213000
-1.65880446;5.76403100;9.57213000
-1.63832446;5.76403100;9.57213000
-1.61784446;5.76403100;9.57213000
-1.59736446;5.76403100;9.48362600
-1.57688446;5.76403100;9.57213000
-1.55640446;5.76403100;9.48362600
-1.53592446;5.76403100;9.39481800
-1.51544446;5.76403100;9.39481800
-1.49496446;5.76403100;9.39481800
-1.47448446;5.76403100;9.39481800
-1.45400446;5.85223000;9.39481800
-1.43352447;5.85223000;9.39481800
-1.41304447;5.85223000;9.39481800
-1.39256447;5.85223000;9.30600900
-1.37208447;5.76403100;9.30600900
-1.35160447;5.76403100;9.30600900
-1.33112447;5.76403100;9.30600900
-1.31064447;5.76403100;9.21750500
-1.29016447;5.85223000;9.21750500
-1.26968447;5.76403100;9.21750500
-1.24920447;5.76403100;9.21750500
-1.22872447;5.85223000;9.12869600
-1.20824447;5.85223000;9.12869600
-1.18776447;5.76403100;9.12869600
-1.16728447;5.76403100;9.03988700
-1.14680447;5.85223000;9.03988700
-1.12632447;5.85223000;9.03988700
-1.10584447;5.76403100;9.03988700
-1.08536447;5.76403100;8.95138400
-1.06488447;5.76403100;8.86257600
-1.04440447;5.85223000;8.86257600
-1.02392447;5.85223000;8.86257600
-1.00344447;5.85223000;8.86257600
-0.98296447;5.76403100;8.86257600
-0.96248447;5.85223000;8.77376700
-0.94200447;5.85223000;8.68526300
-0.92152447;5.85223000;8.68526300
-0.90104447;5.85223000;8.68526300
-0.88056447;5.76403100;8.68526300
-0.86008447;5.85223000;8.59645400
-0.83960447;5.85223000;8.59645400
-0.81912447;5.85223000;8.50764500
-0.79864447;5.85223000;8.50764500
-0.77816447;5.85223000;8.50764500
-0.75768447;5.85223000;8.41883600
-0.73720447;5.85223000;8.41883600
-0.71672447;5.85223000;8.33033300
-0.69624447;5.85223000;8.33033300
-0.67576447;5.85223000;8.33033300
-0.65528447;5.85223000;8.24152400
-0.63480447;5.85223000;8.24152400
-0.61432447;5.85223000;8.15271500
-0.59384447;5.85223000;8.15271500
-0.57336447;5.85223000;8.15271500
-0.55288447;5.85223000;8.06421100
-0.53240447;5.85223000;8.06421100
-0.51192447;5.85223000;7.97540200
-0.49144447;5.85223000;7.97540200
-0.47096447;5.85223000;7.88659300
-0.45048447;5.85223000;7.97540200
-0.43000447;5.85223000;7.88659300
-0.40952447;5.85223000;7.79809000
-0.38904447;5.85223000;7.79809000
-0.36856447;5.85223000;7.79809000
-0.34808447;5.85223000;7.70928000
-0.32760447;5.85223000;7.70928000
-0.30712447;5.85223000;7.62047200
-0.28664447;5.85223000;7.62047200
-0.26616447;5.85223000;7.62047200
-0.24568447;5.85223000;7.53196800
-0.22520447;5.94042800;7.53196800
-0.20472447;5.94042800;7.53196800
-0.18424447;5.94042800;7.44315900
-0.16376447;5.94042800;7.44315900
-0.14328447;5.94042800;7.44315900
-0.12280447;5.94042800;7.35435100
-0.10232447;5.85223000;7.35435100
-0.08184447;5.94042800;7.26584700
-0.06136447;5.94042800;7.26584700
-0.04088447;5.94042800;7.26584700
-0.02040447;5.94042800;7.26584700
0.00007553;0.03387555;0.08026368
0.02055553;0.03387555;-0.00854518
0.04103553;0.12207400;0.08026368
0.06151553;-0.05432295;-0.00854518
0.08199553;0.03387555;-0.00854518
0.10247553;0.03387555;0.08026368
0.12295553;0.03387555;-0.00854518
0.14343553;0.03387555;-0.00854518
0.16391553;0.03387555;-0.00854518
0.18439553;0.03387555;-0.00854518
0.20487553;0.03387555;-0.00854518
0.22535552;-0.05432295;0.08026368
0.24583552;0.03387555;-0.00854518
0.26631552;-0.05432295;0.08026368
0.28679552;0.03387555;-0.00854518
0.30727552;-0.05432295;-0.00854518
0.32775552;0.03387555;-0.00854518
0.34823552;0.03387555;-0.00854518
0.36871552;0.03387555;0.08026368
0.38919552;0.03387555;-0.00854518
0.40967552;0.03387555;-0.00854518
0.43015552;0.03387555;-0.00854518
0.45063552;-0.05432295;-0.00854518
0.47111552;0.03387555;-0.00854518
0.49159552;0.03387555;-0.00854518
0.51207552;0.03387555;-0.00854518
0.53255552;0.03387555;-0.00854518
0.55303552;0.03387555;-0.00854518
0.57351552;-0.05432295;-0.00854518
0.59399552;0.03387555;0.08026368
0.61447552;0.03387555;-0.00854518
0.63495552;0.03387555;-0.00854518
0.65543552;0.03387555;0.08026368
0.67591552;0.03387555;-0.00854518
0.69639552;-0.05432295;-0.00854518
0.71687552;0.03387555;-0.00854518
0.73735552;0.03387555;-0.00854518
0.75783552;-0.05432295;-0.00854518
0.77831552;0.03387555;-0.00854518
0.79879552;0.03387555;-0.00854518
0.81927552;0.03387555;-0.00854518
0.83975552;0.03387555;-0.00854518
0.86023552;0.03387555;-0.00854518
0.88071552;0.03387555;-0.00854518
0.90119552;0.03387555;-0.00854518
0.92167552;0.03387555;-0.00854518
0.94215552;0.03387555;-0.00854518
0.96263552;0.03387555;-0.00854518
0.98311552;0.03387555;-0.00854518
1.00359552;0.03387555;-0.00854518
1.02407552;0.03387555;-0.00854518
1.04455552;0.03387555;-0.00854518
1.06503552;0.03387555;-0.00854518
1.08551552;0.03387555;-0.00854518
1.10599552;0.03387555;-0.00854518
1.12647552;0.03387555;-0.00854518
1.14695552;0.03387555;-0.00854518
1.16743552;0.03387555;-0.00854518
1.18791552;0.03387555;-0.00854518
1.20839552;0.03387555;-0.00854518
1.22887552;0.03387555;-0.00854518
1.24935552;-0.05432295;-0.00854518
1.26983552;0.03387555;-0.00854518
1.29031552;-0.05432295;-0.00854518
1.31079552;-0.05432295;-0.00854518
1.33127552;0.03387555;-0.00854518
1.35175552;0.03387555;-0.00854518
1.37223552;0.03387555;-0.00854518
1.39271552;0.03387555;-0.00854518
1.41319552;0.03387555;-0.00854518
1.43367552;0.03387555;-0.00854518
1.45415552;0.03387555;-0.00854518
1.47463552;-0.05432295;-0.00854518
1.49511552;0.03387555;-0.00854518
1.51559552;0.03387555;-0.00854518
1.53607552;0.03387555;-0.00854518
1.55655552;0.03387555;-0.00854518
1.57703552;0.03387555;-0.00854518
1.59751552;0.03387555;-0.00854518
1.61799552;0.03387555;-0.00854518
1.63847552;0.03387555;-0.00854518
1.65895552;0.03387555;-0.00854518
1.67943552;-0.05432295;-0.00854518
1.69991552;0.03387555;-0.00854518
1.72039552;0.03387555;-0.00854518
1.74087552;0.03387555;-0.00854518
1.76135552;0.03387555;-0.00854518
1.78183552;0.03387555;0.08026368
1.80231552;0.03387555;-0.00854518
1.82279552;-0.05432295;-0.00854518
1.84327552;0.03387555;-0.00854518
1.86375551;-0.05432295;-0.00854518
1.88423551;0.03387555;-0.00854518
1.90471551;0.03387555;-0.00854518
1.92519551;0.03387555;-0.00854518
1.94567551;0.03387555;-0.00854518
1.96615551;-0.05432295;-0.00854518
1.98663551;-0.05432295;-0.00854518
2.00711551;-0.05432295;-0.00854518
2.02759551;0.03387555;-0.00854518
2.04807551;0.03387555;-0.00854518
2.06855551;0.03387555;0.08026368
2.08903551;0.03387555;-0.00854518
2.10951551;0.03387555;-0.00854518
2.12999551;0.03387555;-0.00854518
2.15047551;0.03387555;-0.00854518
2.17095551;0.03387555;-0.00854518
2.19143551;0.03387555;-0.00854518
2.21191551;0.03387555;-0.00854518
2.23239551;0.03387555;-0.00854518
2.25287551;0.03387555;-0.00854518
2.27335551;-0.05432295;-0.00854518
2.29383551;0.03387555;-0.00854518
2.31431551;-0.05432295;-0.00854518
2.33479551;0.03387555;-0.00854518
2.35527551;-0.05432295;0.08026368
2.37575551;0.03387555;-0.00854518
2.39623551;-0.05432295;-0.00854518
2.41671551;0.03387555;-0.00854518
2.43719551;0.03387555;-0.00854518
2.45767551;-0.05432295;-0.00854518
2.47815551;-0.05432295;-0.00854518
2.49863551;0.03387555;-0.00854518
2.51911551;0.03387555;-0.00854518
2.53959551;-0.05432295;-0.00854518
2.56007551;0.03387555;-0.00854518
2.58055551;0.03387555;-0.00854518
2.60103551;0.03387555;0.08026368
2.62151551;0.03387555;-0.00854518
2.64199551;0.03387555;-0.00854518
2.66247551;0.03387555;-0.00854518
2.68295551;0.03387555;0.08026368
2.70343551;-0.05432295;-0.00854518
2.72391551;-0.05432295;-0.00854518
2.74439551;0.03387555;-0.00854518
2.76487551;0.03387555;-0.00854518
2.78535551;0.03387555;-0.00854518
2.80583551;0.03387555;-0.00854518
2.82631551;0.03387555;-0.00854518
2.84679551;-0.05432295;0.08026368
2.86727551;0.03387555;-0.00854518
2.88775551;-0.05432295;-0.00854518
2.90823551;0.03387555;-0.00854518
2.92871551;0.03387555;-0.00854518
2.94919551;0.03387555;-0.00854518
2.96967551;0.03387555;-0.00854518
2.99015551;-0.05432295;-0.00854518
3.01063551;0.03387555;-0.00854518
3.03111551;0.03387555;-0.00854518
3.05159551;-0.05432295;-0.00854518
3.07207551;0.03387555;0.08026368
3.09255551;0.03387555;0.08026368
3.11303551;-0.05432295;-0.00854518
3.13351551;0.03387555;-0.00854518
3.15399551;0.03387555;-0.00854518
3.17447551;0.03387555;-0.00854518
3.19495551;0.03387555;0.08026368
3.21543551;0.03387555;0.08026368
3.23591551;0.03387555;-0.00854518
3.25639551;0.03387555;-0.00854518
3.27687551;0.03387555;-0.00854518
3.29735551;0.03387555;0.08026368
3.31783551;0.03387555;-0.00854518
3.33831551;0.03387555;-0.00854518
3.35879551;0.03387555;-0.00854518
3.37927551;0.03387555;-0.00854518
3.39975551;0.03387555;-0.00854518
3.42023551;0.03387555;-0.00854518
3.44071551;0.03387555;-0.00854518
3.46119551;0.03387555;-0.00854518
3.48167551;-0.05432295;-0.00854518
3.50215550;0.03387555;-0.00854518
3.52263550;0.03387555;-0.00854518
3.54311550;0.03387555;-0.00854518
3.56359550;0.03387555;-0.00854518
3.58407550;0.03387555;-0.00854518
3.60455550;0.03387555;-0.00854518
3.62503550;0.03387555;-0.00854518
3.64551550;-0.05432295;0.08026368
3.66599550;-0.05432295;-0.00854518
3.68647550;0.03387555;-0.00854518
3.70695550;0.03387555;-0.00854518
3.72743550;0.03387555;-0.00854518
3.74791550;-0.05432295;-0.00854518
3.76839550;-0.05432295;-0.00854518
3.78887550;-0.05432295;-0.00854518
3.80935550;-0.05432295;-0.00854518
3.82983550;0.03387555;0.08026368
3.85031550;0.03387555;-0.00854518
3.87079550;0.03387555;-0.00854518
3.89127550;0.03387555;-0.00854518
3.91175550;0.03387555;-0.00854518
3.93223550;0.03387555;-0.00854518
3.95271550;0.03387555;-0.00854518
3.97319550;-0.05432295;0.08026368
3.99367550;0.03387555;-0.00854518
4.01415550;0.03387555;-0.00854518
4.03463550;0.03387555;-0.00854518
4.05511550;0.03387555;-0.00854518
4.07559550;0.03387555;-0.00854518
4.09607550;0.03387555;-0.00854518
4.11655550;-0.05432295;-0.00854518
4.13703550;0.03387555;-0.00854518
4.15751550;0.03387555;-0.00854518
4.17799550;0.03387555;-0.00854518
4.19847550;0.03387555;-0.00854518
4.21895550;0.03387555;-0.00854518
4.23943550;-0.05432295;-0.00854518
4.25991550;0.03387555;-0.00854518
4.28039550;0.03387555;-0.00854518
4.30087550;0.03387555;0.08026368
4.32135550;-0.05432295;-0.00854518
4.34183550;0.03387555;0.08026368
4.36231550;0.03387555;-0.00854518
4.38279550;0.03387555;-0.00854518
4.40327550;0.03387555;-0.00854518
4.42375550;0.03387555;0.08026368
4.44423550;0.03387555;-0.00854518
4.46471550;0.03387555;0.08026368
4.48519550;-0.05432295;-0.00854518
4.50567550;0.03387555;-0.00854518
4.52615550;0.03387555;-0.00854518
4.54663550;0.03387555;-0.00854518
4.56711550;0.03387555;-0.00854518
4.58759550;0.03387555;-0.00854518
4.60807550;0.03387555;-0.00854518
4.62855550;-0.05432295;-0.00854518
4.64903550;0.03387555;-0.00854518
4.66951550;0.03387555;-0.00854518
4.68999550;-0.05432295;-0.00854518
4.71047550;0.03387555;0.08026368
4.73095550;-0.05432295;0.08026368
4.75143550;0.03387555;-0.00854518
4.77191550;-0.05432295;-0.00854518
4.79239550;-0.05432295;-0.00854518
4.81287550;-0.05432295;-0.00854518
4.83335550;0.03387555;-0.00854518
4.85383550;0.03387555;-0.00854518
4.87431550;0.03387555;-0.00854518
4.89479550;0.03387555;-0.00854518
4.91527550;-0.05432295;-0.00854518
4.93575550;0.03387555;0.08026368
4.95623550;0.03387555;-0.00854518
4.97671550;0.03387555;-0.00854518
4.99719550;0.03387555;-0.00854518
5.01767550;0.03387555;-0.00854518
